newID,excl,combcat,w_nIDs,supposed_to_exclude,n_excluded,pInfPerContact,contacts_per_hour,Hbar,daily_risk
Infectious diseases #2,none,All,64,0,0,0.03256071753498341,0.3814804630691278,9.459703947368421,0.11750160877348483
Infectious diseases #2,rand1,All,64,3,3,0.0277254010155205,0.3814804630691278,9.459703947368421,0.10005243956044559
Infectious diseases #2,rand2,All,64,3,3,0.029009312906230225,0.3814804630691278,9.459703947368421,0.10468568244029652
Infectious diseases #2,rand3,All,64,3,3,0.02850842052049609,0.3814804630691278,9.459703947368421,0.1028781159736511
Infectious diseases #2,deg,All,64,3,3,0.012393755622142982,0.3814804630691278,9.459703947368421,0.04472524976707227
Infectious diseases #2,btw,All,64,3,3,0.008840126110354563,0.3814804630691278,9.459703947368421,0.031901294515734605
Infectious diseases #2,cls,All,64,3,3,0.014368871481377245,0.3814804630691278,9.459703947368421,0.05185283504601161
Infectious diseases #2,dur,All,64,3,3,0.012393755622142982,0.3814804630691278,9.459703947368421,0.04472524976707227
Infectious diseases #2,none,Patient,64,0,0,0.03256071753498341,0.3814804630691278,9.459703947368421,0.11750160877348483
Infectious diseases #2,rand1,Patient,64,3,3,0.03202557757257007,0.3814804630691278,9.459703947368421,0.11557045334255824
Infectious diseases #2,rand2,Patient,64,3,3,0.031679371859449384,0.3814804630691278,9.459703947368421,0.11432110347136619
Infectious diseases #2,rand3,Patient,64,3,3,0.03203269358659868,0.3814804630691278,9.459703947368421,0.11559613284717968
Infectious diseases #2,deg,Patient,64,3,3,0.03173438754007567,0.3814804630691278,9.459703947368421,0.11451963813124927
Infectious diseases #2,btw,Patient,64,3,3,0.03178377716456094,0.3814804630691278,9.459703947368421,0.1146978700859813
Infectious diseases #2,cls,Patient,64,3,3,0.03210517899692736,0.3814804630691278,9.459703947368421,0.11585771038511553
Infectious diseases #2,dur,Patient,64,3,3,0.031359168481941604,0.3814804630691278,9.459703947368421,0.11316558802698314
Infectious diseases #2,none,Visitor,64,0,0,0.03256071753498341,0.3814804630691278,9.459703947368421,0.11750160877348483
Infectious diseases #2,rand1,Visitor,64,3,0,0.03256071753498341,0.3814804630691278,9.459703947368421,0.11750160877348483
Infectious diseases #2,rand2,Visitor,64,3,0,0.03256071753498341,0.3814804630691278,9.459703947368421,0.11750160877348483
Infectious diseases #2,rand3,Visitor,64,3,0,0.03256071753498341,0.3814804630691278,9.459703947368421,0.11750160877348483
Infectious diseases #2,deg,Visitor,64,3,0,0.03256071753498341,0.3814804630691278,9.459703947368421,0.11750160877348483
Infectious diseases #2,btw,Visitor,64,3,0,0.03256071753498341,0.3814804630691278,9.459703947368421,0.11750160877348483
Infectious diseases #2,cls,Visitor,64,3,0,0.03256071753498341,0.3814804630691278,9.459703947368421,0.11750160877348483
Infectious diseases #2,dur,Visitor,64,3,0,0.03256071753498341,0.3814804630691278,9.459703947368421,0.11750160877348483
Infectious diseases #2,none,HCW,64,0,0,0.03256071753498341,0.3814804630691278,9.459703947368421,0.11750160877348483
Infectious diseases #2,rand1,HCW,64,3,3,0.028326115233963577,0.3814804630691278,9.459703947368421,0.10222023230040385
Infectious diseases #2,rand2,HCW,64,3,3,0.02601931858876398,0.3814804630691278,9.459703947368421,0.09389571314221852
Infectious diseases #2,rand3,HCW,64,3,3,0.029248370724682882,0.3814804630691278,9.459703947368421,0.10554836853521711
Infectious diseases #2,deg,HCW,64,3,3,0.012393755622142982,0.3814804630691278,9.459703947368421,0.04472524976707227
Infectious diseases #2,btw,HCW,64,3,3,0.008840126110354563,0.3814804630691278,9.459703947368421,0.031901294515734605
Infectious diseases #2,cls,HCW,64,3,3,0.014368871481377245,0.3814804630691278,9.459703947368421,0.05185283504601161
Infectious diseases #2,dur,HCW,64,3,3,0.012393755622142982,0.3814804630691278,9.459703947368421,0.04472524976707227
Infectious diseases #2,none,Nurse,64,0,0,0.03256071753498341,0.3814804630691278,9.459703947368421,0.11750160877348483
Infectious diseases #2,rand1,Nurse,64,3,3,0.03173385941001876,0.3814804630691278,9.459703947368421,0.11451773227240995
Infectious diseases #2,rand2,Nurse,64,3,3,0.023314862087493716,0.3814804630691278,9.459703947368421,0.08413616194634134
Infectious diseases #2,rand3,Nurse,64,3,3,0.030993725977478258,0.3814804630691278,9.459703947368421,0.11184681849610534
Infectious diseases #2,deg,Nurse,64,3,3,0.012393755622142982,0.3814804630691278,9.459703947368421,0.04472524976707227
Infectious diseases #2,btw,Nurse,64,3,3,0.012393755622142982,0.3814804630691278,9.459703947368421,0.04472524976707227
Infectious diseases #2,cls,Nurse,64,3,3,0.012393755622142982,0.3814804630691278,9.459703947368421,0.04472524976707227
Infectious diseases #2,dur,Nurse,64,3,3,0.012393755622142982,0.3814804630691278,9.459703947368421,0.04472524976707227
Infectious diseases #2,none,Physician,64,0,0,0.03256071753498341,0.3814804630691278,9.459703947368421,0.11750160877348483
Infectious diseases #2,rand1,Physician,64,3,3,0.030291106266356328,0.3814804630691278,9.459703947368421,0.10931128019526518
Infectious diseases #2,rand2,Physician,64,3,3,0.02605925177678692,0.3814804630691278,9.459703947368421,0.09403981972804877
Infectious diseases #2,rand3,Physician,64,3,3,0.031394769619196676,0.3814804630691278,9.459703947368421,0.11329406157481395
Infectious diseases #2,deg,Physician,64,3,3,0.025118538099120086,0.3814804630691278,9.459703947368421,0.0906450735771903
Infectious diseases #2,btw,Physician,64,3,3,0.022249052092893646,0.3814804630691278,9.459703947368421,0.08028998168702074
Infectious diseases #2,cls,Physician,64,3,3,0.025118538099120086,0.3814804630691278,9.459703947368421,0.0906450735771903
Infectious diseases #2,dur,Physician,64,3,3,0.02302988620053979,0.3814804630691278,9.459703947368421,0.08310777167383704
Infectious diseases #2,none,Other HCW,64,0,0,0.03256071753498341,0.3814804630691278,9.459703947368421,0.11750160877348483
Infectious diseases #2,rand1,Other HCW,64,3,3,0.03235639892349486,0.3814804630691278,9.459703947368421,0.11676428578524062
Infectious diseases #2,rand2,Other HCW,64,3,3,0.0324568672717485,0.3814804630691278,9.459703947368421,0.11712684513418414
Infectious diseases #2,rand3,Other HCW,64,3,3,0.03219975838166376,0.3814804630691278,9.459703947368421,0.11619901827709896
Infectious diseases #2,deg,Other HCW,64,3,3,0.032161308106808686,0.3814804630691278,9.459703947368421,0.11606026306851366
Infectious diseases #2,btw,Other HCW,64,3,3,0.032394931046651435,0.3814804630691278,9.459703947368421,0.11690333635915662
Infectious diseases #2,cls,Other HCW,64,3,3,0.032161308106808686,0.3814804630691278,9.459703947368421,0.11606026306851366
Infectious diseases #2,dur,Other HCW,64,3,3,0.032161308106808686,0.3814804630691278,9.459703947368421,0.11606026306851366
Infectious diseases #3,none,All,82,0,0,0.021422518336197047,0.22165643144978134,10.905776636713735,0.0517854147479216
Infectious diseases #3,rand1,All,82,4,4,0.018196382498080015,0.22165643144978134,10.905776636713735,0.04398676195705266
Infectious diseases #3,rand2,All,82,4,4,0.021073704799243663,0.22165643144978134,10.905776636713735,0.05094221539118214
Infectious diseases #3,rand3,All,82,4,4,0.021228769082868946,0.22165643144978134,10.905776636713735,0.0513170577936534
Infectious diseases #3,deg,All,82,4,4,0.005434180076971026,0.22165643144978134,10.905776636713735,0.013136236584535634
Infectious diseases #3,btw,All,82,4,4,0.01385520961636575,0.22165643144978134,10.905776636713735,0.03349269050177708
Infectious diseases #3,cls,All,82,4,4,0.012533726227031632,0.22165643144978134,10.905776636713735,0.030298221750475966
Infectious diseases #3,dur,All,82,4,4,0.012105766710598518,0.22165643144978134,10.905776636713735,0.02926370000536619
Infectious diseases #3,none,Patient,82,0,0,0.021422518336197047,0.22165643144978134,10.905776636713735,0.0517854147479216
Infectious diseases #3,rand1,Patient,82,4,4,0.020825163171069066,0.22165643144978134,10.905776636713735,0.05034140688234321
Infectious diseases #3,rand2,Patient,82,4,4,0.020758036946352212,0.22165643144978134,10.905776636713735,0.0501791402742409
Infectious diseases #3,rand3,Patient,82,4,4,0.02050441537458558,0.22165643144978134,10.905776636713735,0.049566051837259005
Infectious diseases #3,deg,Patient,82,4,4,0.01949452791972722,0.22165643144978134,10.905776636713735,0.047124815009831594
Infectious diseases #3,btw,Patient,82,4,4,0.01942792019925969,0.22165643144978134,10.905776636713735,0.046963801800474395
Infectious diseases #3,cls,Patient,82,4,4,0.019605324442026617,0.22165643144978134,10.905776636713735,0.04739264737995061
Infectious diseases #3,dur,Patient,82,4,4,0.017952644072683484,0.22165643144978134,10.905776636713735,0.04339756440095406
Infectious diseases #3,none,Visitor,82,0,0,0.021422518336197047,0.22165643144978134,10.905776636713735,0.0517854147479216
Infectious diseases #3,rand1,Visitor,82,4,2,0.021377909497431125,0.22165643144978134,10.905776636713735,0.051677580216954566
Infectious diseases #3,rand2,Visitor,82,4,2,0.021377909497431125,0.22165643144978134,10.905776636713735,0.051677580216954566
Infectious diseases #3,rand3,Visitor,82,4,2,0.021377909497431125,0.22165643144978134,10.905776636713735,0.051677580216954566
Infectious diseases #3,deg,Visitor,82,4,2,0.021377909497431125,0.22165643144978134,10.905776636713735,0.051677580216954566
Infectious diseases #3,btw,Visitor,82,4,2,0.021377909497431125,0.22165643144978134,10.905776636713735,0.051677580216954566
Infectious diseases #3,cls,Visitor,82,4,2,0.021377909497431125,0.22165643144978134,10.905776636713735,0.051677580216954566
Infectious diseases #3,dur,Visitor,82,4,2,0.021377909497431125,0.22165643144978134,10.905776636713735,0.051677580216954566
Infectious diseases #3,none,HCW,82,0,0,0.021422518336197047,0.22165643144978134,10.905776636713735,0.0517854147479216
Infectious diseases #3,rand1,HCW,82,4,4,0.018701788399277594,0.22165643144978134,10.905776636713735,0.04520849759983843
Infectious diseases #3,rand2,HCW,82,4,4,0.02093684425201153,0.22165643144978134,10.905776636713735,0.05061137752749979
Infectious diseases #3,rand3,HCW,82,4,4,0.02117048081418637,0.22165643144978134,10.905776636713735,0.05117615549069842
Infectious diseases #3,deg,HCW,82,4,4,0.005434180076971026,0.22165643144978134,10.905776636713735,0.013136236584535634
Infectious diseases #3,btw,HCW,82,4,4,0.011433405774282684,0.22165643144978134,10.905776636713735,0.027638378024029173
Infectious diseases #3,cls,HCW,82,4,4,0.011624962330540707,0.22165643144978134,10.905776636713735,0.028101434493760093
Infectious diseases #3,dur,HCW,82,4,4,0.012105766710598518,0.22165643144978134,10.905776636713735,0.02926370000536619
Infectious diseases #3,none,Nurse,82,0,0,0.021422518336197047,0.22165643144978134,10.905776636713735,0.0517854147479216
Infectious diseases #3,rand1,Nurse,82,4,4,0.019897112630358378,0.22165643144978134,10.905776636713735,0.04809799733527184
Infectious diseases #3,rand2,Nurse,82,4,4,0.02092649114301861,0.22165643144978134,10.905776636713735,0.0505863505892699
Infectious diseases #3,rand3,Nurse,82,4,4,0.017446629564626212,0.22165643144978134,10.905776636713735,0.042174357551181645
Infectious diseases #3,deg,Nurse,82,4,4,0.01058804021021985,0.22165643144978134,10.905776636713735,0.025594845808928453
Infectious diseases #3,btw,Nurse,82,4,4,0.01058804021021985,0.22165643144978134,10.905776636713735,0.025594845808928453
Infectious diseases #3,cls,Nurse,82,4,4,0.013534726755695498,0.22165643144978134,10.905776636713735,0.03271797589544776
Infectious diseases #3,dur,Nurse,82,4,4,0.011436309374579227,0.22165643144978134,10.905776636713735,0.02764539700019523
Infectious diseases #3,none,Physician,82,0,0,0.021422518336197047,0.22165643144978134,10.905776636713735,0.0517854147479216
Infectious diseases #3,rand1,Physician,82,4,4,0.020986016001485704,0.22165643144978134,10.905776636713735,0.05073024214464886
Infectious diseases #3,rand2,Physician,82,4,4,0.013945375064025947,0.22165643144978134,10.905776636713735,0.03371065064211808
Infectious diseases #3,rand3,Physician,82,4,4,0.016066829756694184,0.22165643144978134,10.905776636713735,0.038838918449135014
Infectious diseases #3,deg,Physician,82,4,4,0.01208158934377689,0.22165643144978134,10.905776636713735,0.02920525519749059
Infectious diseases #3,btw,Physician,82,4,4,0.012105766710598518,0.22165643144978134,10.905776636713735,0.02926370000536619
Infectious diseases #3,cls,Physician,82,4,4,0.01614157296153643,0.22165643144978134,10.905776636713735,0.03901959785393704
Infectious diseases #3,dur,Physician,82,4,4,0.012105766710598518,0.22165643144978134,10.905776636713735,0.02926370000536619
Infectious diseases #3,none,Other HCW,82,0,0,0.021422518336197047,0.22165643144978134,10.905776636713735,0.0517854147479216
Infectious diseases #3,rand1,Other HCW,82,4,4,0.02114747312302974,0.22165643144978134,10.905776636713735,0.05112053818136812
Infectious diseases #3,rand2,Other HCW,82,4,4,0.021129580649392625,0.22165643144978134,10.905776636713735,0.05107728606909901
Infectious diseases #3,rand3,Other HCW,82,4,4,0.021129580649392625,0.22165643144978134,10.905776636713735,0.05107728606909901
Infectious diseases #3,deg,Other HCW,82,4,4,0.02114747312302974,0.22165643144978134,10.905776636713735,0.05112053818136812
Infectious diseases #3,btw,Other HCW,82,4,4,0.02131861159016881,0.22165643144978134,10.905776636713735,0.051534237278786824
Infectious diseases #3,cls,Other HCW,82,4,4,0.02114747312302974,0.22165643144978134,10.905776636713735,0.05112053818136812
Infectious diseases #3,dur,Other HCW,82,4,4,0.021129580649392625,0.22165643144978134,10.905776636713735,0.05107728606909901
Geriatry #2,none,All,70,0,0,0.015666642758072842,0.263815539584654,9.968974340229549,0.04120280585432117
Geriatry #2,rand1,All,70,4,4,0.013260868414031996,0.263815539584654,9.968974340229549,0.034875690673518055
Geriatry #2,rand2,All,70,4,4,0.013401680687653312,0.263815539584654,9.968974340229549,0.03524602277730813
Geriatry #2,rand3,All,70,4,4,0.010245609683291856,0.263815539584654,9.968974340229549,0.026945649630154448
Geriatry #2,deg,All,70,4,4,0.0054142372835723025,0.263815539584654,9.968974340229549,0.014239283494819292
Geriatry #2,btw,All,70,4,4,0.00881669472728359,0.263815539584654,9.968974340229549,0.023187645670792657
Geriatry #2,cls,All,70,4,4,0.00881669472728359,0.263815539584654,9.968974340229549,0.023187645670792657
Geriatry #2,dur,All,70,4,4,0.0057173186973294475,0.263815539584654,9.968974340229549,0.01503637862502222
Geriatry #2,none,Patient,70,0,0,0.015666642758072842,0.263815539584654,9.968974340229549,0.04120280585432117
Geriatry #2,rand1,Patient,70,4,4,0.014938420381550953,0.263815539584654,9.968974340229549,0.039287602599741143
Geriatry #2,rand2,Patient,70,4,4,0.014909536960990377,0.263815539584654,9.968974340229549,0.0392116400602141
Geriatry #2,rand3,Patient,70,4,4,0.014812610102283337,0.263815539584654,9.968974340229549,0.038956725296212254
Geriatry #2,deg,Patient,70,4,4,0.014444474563197637,0.263815539584654,9.968974340229549,0.037988539745596565
Geriatry #2,btw,Patient,70,4,4,0.014316875160152828,0.263815539584654,9.968974340229549,0.03765295709959071
Geriatry #2,cls,Patient,70,4,4,0.014735155759706095,0.263815539584654,9.968974340229549,0.038753022672167944
Geriatry #2,dur,Patient,70,4,4,0.014028510758180231,0.263815539584654,9.968974340229549,0.03689456727394336
Geriatry #2,none,Visitor,70,0,0,0.015666642758072842,0.263815539584654,9.968974340229549,0.04120280585432117
Geriatry #2,rand1,Visitor,70,4,0,0.015666642758072842,0.263815539584654,9.968974340229549,0.04120280585432117
Geriatry #2,rand2,Visitor,70,4,0,0.015666642758072842,0.263815539584654,9.968974340229549,0.04120280585432117
Geriatry #2,rand3,Visitor,70,4,0,0.015666642758072842,0.263815539584654,9.968974340229549,0.04120280585432117
Geriatry #2,deg,Visitor,70,4,0,0.015666642758072842,0.263815539584654,9.968974340229549,0.04120280585432117
Geriatry #2,btw,Visitor,70,4,0,0.015666642758072842,0.263815539584654,9.968974340229549,0.04120280585432117
Geriatry #2,cls,Visitor,70,4,0,0.015666642758072842,0.263815539584654,9.968974340229549,0.04120280585432117
Geriatry #2,dur,Visitor,70,4,0,0.015666642758072842,0.263815539584654,9.968974340229549,0.04120280585432117
Geriatry #2,none,HCW,70,0,0,0.015666642758072842,0.263815539584654,9.968974340229549,0.04120280585432117
Geriatry #2,rand1,HCW,70,4,4,0.01367623988590879,0.263815539584654,9.968974340229549,0.03596810532657729
Geriatry #2,rand2,HCW,70,4,4,0.011164502393551146,0.263815539584654,9.968974340229549,0.029362310208072787
Geriatry #2,rand3,HCW,70,4,4,0.010899473379459866,0.263815539584654,9.968974340229549,0.028665291760534742
Geriatry #2,deg,HCW,70,4,4,0.0054142372835723025,0.263815539584654,9.968974340229549,0.014239283494819292
Geriatry #2,btw,HCW,70,4,4,0.00881669472728359,0.263815539584654,9.968974340229549,0.023187645670792657
Geriatry #2,cls,HCW,70,4,4,0.00881669472728359,0.263815539584654,9.968974340229549,0.023187645670792657
Geriatry #2,dur,HCW,70,4,4,0.0057173186973294475,0.263815539584654,9.968974340229549,0.01503637862502222
Geriatry #2,none,Nurse,70,0,0,0.015666642758072842,0.263815539584654,9.968974340229549,0.04120280585432117
Geriatry #2,rand1,Nurse,70,4,4,0.010992322460211689,0.263815539584654,9.968974340229549,0.028909482089442204
Geriatry #2,rand2,Nurse,70,4,4,0.01329791457375935,0.263815539584654,9.968974340229549,0.03497312097498503
Geriatry #2,rand3,Nurse,70,4,4,0.013274735029477661,0.263815539584654,9.968974340229549,0.03491215946092114
Geriatry #2,deg,Nurse,70,4,4,0.006523972509163922,0.263815539584654,9.968974340229549,0.017157854228564508
Geriatry #2,btw,Nurse,70,4,4,0.006966731771611105,0.263815539584654,9.968974340229549,0.01832229795862999
Geriatry #2,cls,Nurse,70,4,4,0.006523972509163922,0.263815539584654,9.968974340229549,0.017157854228564508
Geriatry #2,dur,Nurse,70,4,4,0.007292090736066377,0.263815539584654,9.968974340229549,0.019177982386520947
Geriatry #2,none,Physician,70,0,0,0.015666642758072842,0.263815539584654,9.968974340229549,0.04120280585432117
Geriatry #2,rand1,Physician,70,4,4,0.015080158012548374,0.263815539584654,9.968974340229549,0.039660368365988595
Geriatry #2,rand2,Physician,70,4,4,0.014642341794526524,0.263815539584654,9.968974340229549,0.03850892469617414
Geriatry #2,rand3,Physician,70,4,4,0.012804913560008133,0.263815539584654,9.968974340229549,0.03367654292892548
Geriatry #2,deg,Physician,70,4,4,0.012746942981564733,0.263815539584654,9.968974340229549,0.03352408202675579
Geriatry #2,btw,Physician,70,4,4,0.012734322119726351,0.263815539584654,9.968974340229549,0.03349088953439663
Geriatry #2,cls,Physician,70,4,4,0.014975108030971547,0.263815539584654,9.968974340229549,0.039384090029733074
Geriatry #2,dur,Physician,70,4,4,0.012336298521701282,0.263815539584654,9.968974340229549,0.032444099275110556
Geriatry #2,none,Other HCW,70,0,0,0.015666642758072842,0.263815539584654,9.968974340229549,0.04120280585432117
Geriatry #2,rand1,Other HCW,70,4,4,0.015571923579010943,0.263815539584654,9.968974340229549,0.04095369722231658
Geriatry #2,rand2,Other HCW,70,4,4,0.013657052491610873,0.263815539584654,9.968974340229549,0.03591764304858222
Geriatry #2,rand3,Other HCW,70,4,4,0.013673127852921046,0.263815539584654,9.968974340229549,0.035959920772107884
Geriatry #2,deg,Other HCW,70,4,4,0.013590397744394758,0.263815539584654,9.968974340229549,0.03574234304007214
Geriatry #2,btw,Other HCW,70,4,4,0.013657052491610873,0.263815539584654,9.968974340229549,0.03591764304858222
Geriatry #2,cls,Other HCW,70,4,4,0.013617771282841779,0.263815539584654,9.968974340229549,0.035814334634416585
Geriatry #2,dur,Other HCW,70,4,4,0.013590397744394758,0.263815539584654,9.968974340229549,0.03574234304007214
Surgical ICU,none,All,79,0,0,0.02767427996097174,0.27581068967854616,9.923495751690654,0.0757446760356248
Surgical ICU,rand1,All,79,4,4,0.024513506388456296,0.27581068967854616,9.923495751690654,0.06709361914779312
Surgical ICU,rand2,All,79,4,4,0.026098973961405397,0.27581068967854616,9.923495751690654,0.07143305373642121
Surgical ICU,rand3,All,79,4,4,0.023923643990437997,0.27581068967854616,9.923495751690654,0.06547916210296659
Surgical ICU,deg,All,79,4,4,0.0057403136318867325,0.27581068967854616,9.923495751690654,0.015711274042299387
Surgical ICU,btw,All,79,4,4,0.008499234657613442,0.27581068967854616,9.923495751690654,0.023262458015152622
Surgical ICU,cls,All,79,4,4,0.010845443761190619,0.27581068967854616,9.923495751690654,0.029684046895257554
Surgical ICU,dur,All,79,4,4,0.007406788603496184,0.27581068967854616,9.923495751690654,0.02027242638389775
Surgical ICU,none,Patient,79,0,0,0.02767427996097174,0.27581068967854616,9.923495751690654,0.0757446760356248
Surgical ICU,rand1,Patient,79,4,4,0.026574115923008405,0.27581068967854616,9.923495751690654,0.0727335202346754
Surgical ICU,rand2,Patient,79,4,4,0.02494982147220235,0.27581068967854616,9.923495751690654,0.06828781624034291
Surgical ICU,rand3,Patient,79,4,4,0.027298467670445276,0.27581068967854616,9.923495751690654,0.07471607546367577
Surgical ICU,deg,Patient,79,4,4,0.024394896075134197,0.27581068967854616,9.923495751690654,0.06676898198398122
Surgical ICU,btw,Patient,79,4,4,0.022723171532260188,0.27581068967854616,9.923495751690654,0.062193461533246126
Surgical ICU,cls,Patient,79,4,4,0.023706494839797497,0.27581068967854616,9.923495751690654,0.0648848235297545
Surgical ICU,dur,Patient,79,4,4,0.020940902852714487,0.27581068967854616,9.923495751690654,0.05731538109426043
Surgical ICU,none,Visitor,79,0,0,0.02767427996097174,0.27581068967854616,9.923495751690654,0.0757446760356248
Surgical ICU,rand1,Visitor,79,4,4,0.026753805335455606,0.27581068967854616,9.923495751690654,0.07322533127192875
Surgical ICU,rand2,Visitor,79,4,4,0.026753805335455606,0.27581068967854616,9.923495751690654,0.07322533127192875
Surgical ICU,rand3,Visitor,79,4,4,0.026846668459884614,0.27581068967854616,9.923495751690654,0.07347949821991984
Surgical ICU,deg,Visitor,79,4,4,0.02680485472128155,0.27581068967854616,9.923495751690654,0.073365053757813
Surgical ICU,btw,Visitor,79,4,4,0.026834025204680197,0.27581068967854616,9.923495751690654,0.07344489355194493
Surgical ICU,cls,Visitor,79,4,4,0.026753805335455606,0.27581068967854616,9.923495751690654,0.07322533127192875
Surgical ICU,dur,Visitor,79,4,4,0.02680485472128155,0.27581068967854616,9.923495751690654,0.073365053757813
Surgical ICU,none,HCW,79,0,0,0.02767427996097174,0.27581068967854616,9.923495751690654,0.0757446760356248
Surgical ICU,rand1,HCW,79,4,4,0.027256656626175917,0.27581068967854616,9.923495751690654,0.07460163837597701
Surgical ICU,rand2,HCW,79,4,4,0.02182318747701375,0.27581068967854616,9.923495751690654,0.05973019958756926
Surgical ICU,rand3,HCW,79,4,4,0.02542272803635341,0.27581068967854616,9.923495751690654,0.06958216444189534
Surgical ICU,deg,HCW,79,4,4,0.0057403136318867325,0.27581068967854616,9.923495751690654,0.015711274042299387
Surgical ICU,btw,HCW,79,4,4,0.008751093636188463,0.27581068967854616,9.923495751690654,0.023951797602875663
Surgical ICU,cls,HCW,79,4,4,0.010845443761190619,0.27581068967854616,9.923495751690654,0.029684046895257554
Surgical ICU,dur,HCW,79,4,4,0.007406788603496184,0.27581068967854616,9.923495751690654,0.02027242638389775
Surgical ICU,none,Nurse,79,0,0,0.02767427996097174,0.27581068967854616,9.923495751690654,0.0757446760356248
Surgical ICU,rand1,Nurse,79,4,4,0.026983370091267226,0.27581068967854616,9.923495751690654,0.07385365143356153
Surgical ICU,rand2,Nurse,79,4,4,0.02663832793813254,0.27581068967854616,9.923495751690654,0.07290926891865315
Surgical ICU,rand3,Nurse,79,4,4,0.026029083776035578,0.27581068967854616,9.923495751690654,0.07124176386523495
Surgical ICU,deg,Nurse,79,4,4,0.009993756785931026,0.27581068967854616,9.923495751690654,0.02735297435729896
Surgical ICU,btw,Nurse,79,4,4,0.009993756785931026,0.27581068967854616,9.923495751690654,0.02735297435729896
Surgical ICU,cls,Nurse,79,4,4,0.010614987779782915,0.27581068967854616,9.923495751690654,0.029053287443636194
Surgical ICU,dur,Nurse,79,4,4,0.010641908074441682,0.27581068967854616,9.923495751690654,0.029126968457219477
Surgical ICU,none,Physician,79,0,0,0.02767427996097174,0.27581068967854616,9.923495751690654,0.0757446760356248
Surgical ICU,rand1,Physician,79,4,4,0.025623544419072882,0.27581068967854616,9.923495751690654,0.07013180012792526
Surgical ICU,rand2,Physician,79,4,4,0.02064523647847535,0.27581068967854616,9.923495751690654,0.05650614039267924
Surgical ICU,rand3,Physician,79,4,4,0.025037694750061564,0.27581068967854616,9.923495751690654,0.06852832594729902
Surgical ICU,deg,Physician,79,4,4,0.020564200176182622,0.27581068967854616,9.923495751690654,0.05628434353028773
Surgical ICU,btw,Physician,79,4,4,0.020579066209719568,0.27581068967854616,9.923495751690654,0.05632503195635622
Surgical ICU,cls,Physician,79,4,4,0.02354978852989367,0.27581068967854616,9.923495751690654,0.06445591738682528
Surgical ICU,dur,Physician,79,4,4,0.020350463356083513,0.27581068967854616,9.923495751690654,0.05569934452694878
Surgical ICU,none,Other HCW,79,0,0,0.02767427996097174,0.27581068967854616,9.923495751690654,0.0757446760356248
Surgical ICU,rand1,Other HCW,79,4,4,0.02761213801178294,0.27581068967854616,9.923495751690654,0.07557459313496159
Surgical ICU,rand2,Other HCW,79,4,4,0.02758046766470871,0.27581068967854616,9.923495751690654,0.0754879111984322
Surgical ICU,rand3,Other HCW,79,4,4,0.027385753819097903,0.27581068967854616,9.923495751690654,0.07495497819434896
Surgical ICU,deg,Other HCW,79,4,4,0.02735408347202367,0.27581068967854616,9.923495751690654,0.07486829625781957
Surgical ICU,btw,Other HCW,79,4,4,0.02734876708086658,0.27581068967854616,9.923495751690654,0.0748537452622222
Surgical ICU,cls,Other HCW,79,4,4,0.027357883084648826,0.27581068967854616,9.923495751690654,0.07487869582115994
Surgical ICU,dur,Other HCW,79,4,4,0.027323242363827546,0.27581068967854616,9.923495751690654,0.0747838839532469
Medical ICU #2,none,All,57,0,0,0.022454948460444463,0.6679023641362406,10.505003248862899,0.15755102550585737
Medical ICU #2,rand1,All,57,3,3,0.022052637393848797,0.6679023641362406,10.505003248862899,0.1547282837290879
Medical ICU #2,rand2,All,57,3,3,0.01772931777600108,0.6679023641362406,10.505003248862899,0.1243945049372386
Medical ICU #2,rand3,All,57,3,3,0.01936367857528915,0.6679023641362406,10.505003248862899,0.13586169758869351
Medical ICU #2,deg,All,57,3,3,0.012217949653508019,0.6679023641362406,10.505003248862899,0.08572500181329838
Medical ICU #2,btw,All,57,3,3,0.012392915112506817,0.6679023641362406,10.505003248862899,0.08695261485110706
Medical ICU #2,cls,All,57,3,3,0.019722184050305052,0.6679023641362406,10.505003248862899,0.138377085470243
Medical ICU #2,dur,All,57,3,3,0.014000948887682904,0.6679023641362406,10.505003248862899,0.09823508876875298
Medical ICU #2,none,Patient,57,0,0,0.022454948460444463,0.6679023641362406,10.505003248862899,0.15755102550585737
Medical ICU #2,rand1,Patient,57,3,3,0.01736674709674961,0.6679023641362406,10.505003248862899,0.12185059429611421
Medical ICU #2,rand2,Patient,57,3,3,0.013442841121247115,0.6679023641362406,10.505003248862899,0.09431922803544351
Medical ICU #2,rand3,Patient,57,3,3,0.022130010563423775,0.6679023641362406,10.505003248862899,0.15527115837583447
Medical ICU #2,deg,Patient,57,3,3,0.015349412675103981,0.6679023641362406,10.505003248862899,0.10769633749706549
Medical ICU #2,btw,Patient,57,3,3,0.015349412675103981,0.6679023641362406,10.505003248862899,0.10769633749706549
Medical ICU #2,cls,Patient,57,3,3,0.015349412675103981,0.6679023641362406,10.505003248862899,0.10769633749706549
Medical ICU #2,dur,Patient,57,3,3,0.013442841121247115,0.6679023641362406,10.505003248862899,0.09431922803544351
Medical ICU #2,none,Visitor,57,0,0,0.022454948460444463,0.6679023641362406,10.505003248862899,0.15755102550585737
Medical ICU #2,rand1,Visitor,57,3,0,0.022454948460444463,0.6679023641362406,10.505003248862899,0.15755102550585737
Medical ICU #2,rand2,Visitor,57,3,0,0.022454948460444463,0.6679023641362406,10.505003248862899,0.15755102550585737
Medical ICU #2,rand3,Visitor,57,3,0,0.022454948460444463,0.6679023641362406,10.505003248862899,0.15755102550585737
Medical ICU #2,deg,Visitor,57,3,0,0.022454948460444463,0.6679023641362406,10.505003248862899,0.15755102550585737
Medical ICU #2,btw,Visitor,57,3,0,0.022454948460444463,0.6679023641362406,10.505003248862899,0.15755102550585737
Medical ICU #2,cls,Visitor,57,3,0,0.022454948460444463,0.6679023641362406,10.505003248862899,0.15755102550585737
Medical ICU #2,dur,Visitor,57,3,0,0.022454948460444463,0.6679023641362406,10.505003248862899,0.15755102550585737
Medical ICU #2,none,HCW,57,0,0,0.022454948460444463,0.6679023641362406,10.505003248862899,0.15755102550585737
Medical ICU #2,rand1,HCW,57,3,3,0.017135554757398353,0.6679023641362406,10.505003248862899,0.1202284756696541
Medical ICU #2,rand2,HCW,57,3,3,0.020868865312227047,0.6679023641362406,10.505003248862899,0.14642256413444052
Medical ICU #2,rand3,HCW,57,3,3,0.01654267113496938,0.6679023641362406,10.505003248862899,0.11606861652395808
Medical ICU #2,deg,HCW,57,3,3,0.011928386477727261,0.6679023641362406,10.505003248862899,0.08369333492377713
Medical ICU #2,btw,HCW,57,3,3,0.012392915112506817,0.6679023641362406,10.505003248862899,0.08695261485110706
Medical ICU #2,cls,HCW,57,3,3,0.019722184050305052,0.6679023641362406,10.505003248862899,0.138377085470243
Medical ICU #2,dur,HCW,57,3,3,0.012392915112506817,0.6679023641362406,10.505003248862899,0.08695261485110706
Medical ICU #2,none,Nurse,57,0,0,0.022454948460444463,0.6679023641362406,10.505003248862899,0.15755102550585737
Medical ICU #2,rand1,Nurse,57,3,3,0.02133672880134683,0.6679023641362406,10.505003248862899,0.14970524245532013
Medical ICU #2,rand2,Nurse,57,3,3,0.021286371722523144,0.6679023641362406,10.505003248862899,0.14935192125201716
Medical ICU #2,rand3,Nurse,57,3,3,0.017523457856914185,0.6679023641362406,10.505003248862899,0.12295012658919532
Medical ICU #2,deg,Nurse,57,3,3,0.011928386477727261,0.6679023641362406,10.505003248862899,0.08369333492377713
Medical ICU #2,btw,Nurse,57,3,3,0.012392915112506817,0.6679023641362406,10.505003248862899,0.08695261485110706
Medical ICU #2,cls,Nurse,57,3,3,0.014875658293284435,0.6679023641362406,10.505003248862899,0.10437232680850629
Medical ICU #2,dur,Nurse,57,3,3,0.012392915112506817,0.6679023641362406,10.505003248862899,0.08695261485110706
Medical ICU #2,none,Physician,57,0,0,0.022454948460444463,0.6679023641362406,10.505003248862899,0.15755102550585737
Medical ICU #2,rand1,Physician,57,3,3,0.022112988998310858,0.6679023641362406,10.505003248862899,0.1551517296875888
Medical ICU #2,rand2,Physician,57,3,3,0.021724848212636493,0.6679023641362406,10.505003248862899,0.1524284110867304
Medical ICU #2,rand3,Physician,57,3,3,0.021939005589966396,0.6679023641362406,10.505003248862899,0.15393100702799506
Medical ICU #2,deg,Physician,57,3,3,0.0207036448557956,0.6679023641362406,10.505003248862899,0.1452633251189881
Medical ICU #2,btw,Physician,57,3,3,0.02082127388567069,0.6679023641362406,10.505003248862899,0.14608864762278836
Medical ICU #2,cls,Physician,57,3,3,0.02082127388567069,0.6679023641362406,10.505003248862899,0.14608864762278836
Medical ICU #2,dur,Physician,57,3,3,0.02058792363372907,0.6679023641362406,10.505003248862899,0.14445138839860375
Medical ICU #2,none,Other HCW,57,0,0,0.022454948460444463,0.6679023641362406,10.505003248862899,0.15755102550585737
Medical ICU #2,rand1,Other HCW,57,3,3,0.021161901767389406,0.6679023641362406,10.505003248862899,0.14847860065141397
Medical ICU #2,rand2,Other HCW,57,3,3,0.019056359412881137,0.6679023641362406,10.505003248862899,0.1337054490771338
Medical ICU #2,rand3,Other HCW,57,3,3,0.021946813464620896,0.6679023641362406,10.505003248862899,0.15398578954780376
Medical ICU #2,deg,Other HCW,57,3,3,0.02103810470571697,0.6679023641362406,10.505003248862899,0.14761000128430957
Medical ICU #2,btw,Other HCW,57,3,3,0.021911521547935027,0.6679023641362406,10.505003248862899,0.15373817029026143
Medical ICU #2,cls,Other HCW,57,3,3,0.02110243144368127,0.6679023641362406,10.505003248862899,0.14806133803761254
Medical ICU #2,dur,Other HCW,57,3,3,0.019305425346742663,0.6679023641362406,10.505003248862899,0.13545297449976312
Adult emergency #1,none,All,82,0,0,0.021056478453230717,0.404861387090354,6.614634146341464,0.05638945892727131
Adult emergency #1,rand1,All,82,4,4,0.02034588894719199,0.404861387090354,6.614634146341464,0.054486493155766785
Adult emergency #1,rand2,All,82,4,4,0.020125848756369382,0.404861387090354,6.614634146341464,0.05389722333411545
Adult emergency #1,rand3,All,82,4,4,0.017661141907605038,0.404861387090354,6.614634146341464,0.047296713855530866
Adult emergency #1,deg,All,82,4,4,0.0069403765483624065,0.404861387090354,6.614634146341464,0.018586397492009476
Adult emergency #1,btw,All,82,4,4,0.008223500388407409,0.404861387090354,6.614634146341464,0.02202261590989591
Adult emergency #1,cls,All,82,4,4,0.007034989533035732,0.404861387090354,6.614634146341464,0.018839772006892068
Adult emergency #1,dur,All,82,4,4,0.00874808040772261,0.404861387090354,6.614634146341464,0.023427446424121954
Adult emergency #1,none,Patient,82,0,0,0.021056478453230717,0.404861387090354,6.614634146341464,0.05638945892727131
Adult emergency #1,rand1,Patient,82,4,4,0.020043026047783772,0.404861387090354,6.614634146341464,0.05367542329597483
Adult emergency #1,rand2,Patient,82,4,4,0.020589918029368798,0.404861387090354,6.614634146341464,0.055140005467288054
Adult emergency #1,rand3,Patient,82,4,4,0.020792135821488734,0.404861387090354,6.614634146341464,0.055681546727781264
Adult emergency #1,deg,Patient,82,4,4,0.020424934844237044,0.404861387090354,6.614634146341464,0.05469817885500142
Adult emergency #1,btw,Patient,82,4,4,0.019850992273692393,0.404861387090354,6.614634146341464,0.05316115493714993
Adult emergency #1,cls,Patient,82,4,4,0.020374621442017703,0.404861387090354,6.614634146341464,0.054563439062958775
Adult emergency #1,dur,Patient,82,4,4,0.017696359423694224,0.404861387090354,6.614634146341464,0.04739102671422861
Adult emergency #1,none,Visitor,82,0,0,0.021056478453230717,0.404861387090354,6.614634146341464,0.05638945892727131
Adult emergency #1,rand1,Visitor,82,4,0,0.021056478453230717,0.404861387090354,6.614634146341464,0.05638945892727131
Adult emergency #1,rand2,Visitor,82,4,0,0.021056478453230717,0.404861387090354,6.614634146341464,0.05638945892727131
Adult emergency #1,rand3,Visitor,82,4,0,0.021056478453230717,0.404861387090354,6.614634146341464,0.05638945892727131
Adult emergency #1,deg,Visitor,82,4,0,0.021056478453230717,0.404861387090354,6.614634146341464,0.05638945892727131
Adult emergency #1,btw,Visitor,82,4,0,0.021056478453230717,0.404861387090354,6.614634146341464,0.05638945892727131
Adult emergency #1,cls,Visitor,82,4,0,0.021056478453230717,0.404861387090354,6.614634146341464,0.05638945892727131
Adult emergency #1,dur,Visitor,82,4,0,0.021056478453230717,0.404861387090354,6.614634146341464,0.05638945892727131
Adult emergency #1,none,HCW,82,0,0,0.021056478453230717,0.404861387090354,6.614634146341464,0.05638945892727131
Adult emergency #1,rand1,HCW,82,4,4,0.01992299455426535,0.404861387090354,6.614634146341464,0.05335397776134899
Adult emergency #1,rand2,HCW,82,4,4,0.019512274469306593,0.404861387090354,6.614634146341464,0.05225406528487153
Adult emergency #1,rand3,HCW,82,4,4,0.013741486793772148,0.404861387090354,6.614634146341464,0.03679983843823447
Adult emergency #1,deg,HCW,82,4,4,0.0069403765483624065,0.404861387090354,6.614634146341464,0.018586397492009476
Adult emergency #1,btw,HCW,82,4,4,0.008223500388407409,0.404861387090354,6.614634146341464,0.02202261590989591
Adult emergency #1,cls,HCW,82,4,4,0.007034989533035732,0.404861387090354,6.614634146341464,0.018839772006892068
Adult emergency #1,dur,HCW,82,4,4,0.00874808040772261,0.404861387090354,6.614634146341464,0.023427446424121954
Adult emergency #1,none,Nurse,82,0,0,0.021056478453230717,0.404861387090354,6.614634146341464,0.05638945892727131
Adult emergency #1,rand1,Nurse,82,4,4,0.01864841076569651,0.404861387090354,6.614634146341464,0.04994062968633691
Adult emergency #1,rand2,Nurse,82,4,4,0.01519279411486981,0.404861387090354,6.614634146341464,0.04068645389274454
Adult emergency #1,rand3,Nurse,82,4,4,0.019241628742036356,0.404861387090354,6.614634146341464,0.05152927333280584
Adult emergency #1,deg,Nurse,82,4,4,0.007341862725637195,0.404861387090354,6.614634146341464,0.01966158147178033
Adult emergency #1,btw,Nurse,82,4,4,0.007341862725637195,0.404861387090354,6.614634146341464,0.01966158147178033
Adult emergency #1,cls,Nurse,82,4,4,0.00873340112896864,0.404861387090354,6.614634146341464,0.023388135169478044
Adult emergency #1,dur,Nurse,82,4,4,0.00874808040772261,0.404861387090354,6.614634146341464,0.023427446424121954
Adult emergency #1,none,Physician,82,0,0,0.021056478453230717,0.404861387090354,6.614634146341464,0.05638945892727131
Adult emergency #1,rand1,Physician,82,4,4,0.019438762046826766,0.404861387090354,6.614634146341464,0.05205719828561153
Adult emergency #1,rand2,Physician,82,4,4,0.019061897356851886,0.404861387090354,6.614634146341464,0.0510479508939511
Adult emergency #1,rand3,Physician,82,4,4,0.01961062715007431,0.404861387090354,6.614634146341464,0.05251745474312577
Adult emergency #1,deg,Physician,82,4,4,0.01610677466152216,0.404861387090354,6.614634146341464,0.04313410289588875
Adult emergency #1,btw,Physician,82,4,4,0.016537085317717137,0.404861387090354,6.614634146341464,0.044286479117172366
Adult emergency #1,cls,Physician,82,4,4,0.018375918431786157,0.404861387090354,6.614634146341464,0.04921089250330493
Adult emergency #1,dur,Physician,82,4,4,0.01610677466152216,0.404861387090354,6.614634146341464,0.04313410289588875
Adult emergency #1,none,Other HCW,82,0,0,0.021056478453230717,0.404861387090354,6.614634146341464,0.05638945892727131
Adult emergency #1,rand1,Other HCW,82,4,4,0.01822159065228188,0.404861387090354,6.614634146341464,0.04879760117336946
Adult emergency #1,rand2,Other HCW,82,4,4,0.02076849617965855,0.404861387090354,6.614634146341464,0.05561823953161361
Adult emergency #1,rand3,Other HCW,82,4,4,0.020724564404532856,0.404861387090354,6.614634146341464,0.05550058980046057
Adult emergency #1,deg,Other HCW,82,4,4,0.018188379976598147,0.404861387090354,6.614634146341464,0.04870866265325678
Adult emergency #1,btw,Other HCW,82,4,4,0.01822159065228188,0.404861387090354,6.614634146341464,0.04879760117336946
Adult emergency #1,cls,Other HCW,82,4,4,0.018146273868838138,0.404861387090354,6.614634146341464,0.048595902077484626
Adult emergency #1,dur,Other HCW,82,4,4,0.01806270569523675,0.404861387090354,6.614634146341464,0.04837210567661022
Internal medicine,none,All,40,0,0,0.015307056285645545,0.6087026614881039,8.160614035087718,0.07603607978777543
Internal medicine,rand1,All,40,2,2,0.015166634965793752,0.6087026614881039,8.160614035087718,0.07533855268126258
Internal medicine,rand2,All,40,2,2,0.011033489247653055,0.6087026614881039,8.160614035087718,0.05480761637747707
Internal medicine,rand3,All,40,2,2,0.01487420037974961,0.6087026614881039,8.160614035087718,0.07388591677908658
Internal medicine,deg,All,40,2,2,0.006706864166765208,0.6087026614881039,8.160614035087718,0.033315593109052494
Internal medicine,btw,All,40,2,2,0.006706864166765208,0.6087026614881039,8.160614035087718,0.033315593109052494
Internal medicine,cls,All,40,2,2,0.010091092552219582,0.6087026614881039,8.160614035087718,0.05012636682899842
Internal medicine,dur,All,40,2,2,0.006706864166765208,0.6087026614881039,8.160614035087718,0.033315593109052494
Internal medicine,none,Patient,40,0,0,0.015307056285645545,0.6087026614881039,8.160614035087718,0.07603607978777543
Internal medicine,rand1,Patient,40,2,2,0.015012843854218501,0.6087026614881039,8.160614035087718,0.07457461263869852
Internal medicine,rand2,Patient,40,2,2,0.015230667454225093,0.6087026614881039,8.160614035087718,0.075656626862772
Internal medicine,rand3,Patient,40,2,2,0.014674150775597975,0.6087026614881039,8.160614035087718,0.07289219287953766
Internal medicine,deg,Patient,40,2,2,0.013085432720299332,0.6087026614881039,8.160614035087718,0.06500041469836972
Internal medicine,btw,Patient,40,2,2,0.013051225158558073,0.6087026614881039,8.160614035087718,0.06483049248436815
Internal medicine,cls,Patient,40,2,2,0.013051225158558073,0.6087026614881039,8.160614035087718,0.06483049248436815
Internal medicine,dur,Patient,40,2,2,0.013051225158558073,0.6087026614881039,8.160614035087718,0.06483049248436815
Internal medicine,none,Visitor,40,0,0,0.015307056285645545,0.6087026614881039,8.160614035087718,0.07603607978777543
Internal medicine,rand1,Visitor,40,2,0,0.015307056285645545,0.6087026614881039,8.160614035087718,0.07603607978777543
Internal medicine,rand2,Visitor,40,2,0,0.015307056285645545,0.6087026614881039,8.160614035087718,0.07603607978777543
Internal medicine,rand3,Visitor,40,2,0,0.015307056285645545,0.6087026614881039,8.160614035087718,0.07603607978777543
Internal medicine,deg,Visitor,40,2,0,0.015307056285645545,0.6087026614881039,8.160614035087718,0.07603607978777543
Internal medicine,btw,Visitor,40,2,0,0.015307056285645545,0.6087026614881039,8.160614035087718,0.07603607978777543
Internal medicine,cls,Visitor,40,2,0,0.015307056285645545,0.6087026614881039,8.160614035087718,0.07603607978777543
Internal medicine,dur,Visitor,40,2,0,0.015307056285645545,0.6087026614881039,8.160614035087718,0.07603607978777543
Internal medicine,none,HCW,40,0,0,0.015307056285645545,0.6087026614881039,8.160614035087718,0.07603607978777543
Internal medicine,rand1,HCW,40,2,2,0.013018096506303452,0.6087026614881039,8.160614035087718,0.06466592963184528
Internal medicine,rand2,HCW,40,2,2,0.014329781059725558,0.6087026614881039,8.160614035087718,0.07118157506354886
Internal medicine,rand3,HCW,40,2,2,0.01471492680849598,0.6087026614881039,8.160614035087718,0.07309474323494264
Internal medicine,deg,HCW,40,2,2,0.006706864166765208,0.6087026614881039,8.160614035087718,0.033315593109052494
Internal medicine,btw,HCW,40,2,2,0.006706864166765208,0.6087026614881039,8.160614035087718,0.033315593109052494
Internal medicine,cls,HCW,40,2,2,0.010091092552219582,0.6087026614881039,8.160614035087718,0.05012636682899842
Internal medicine,dur,HCW,40,2,2,0.006706864166765208,0.6087026614881039,8.160614035087718,0.033315593109052494
Internal medicine,none,Nurse,40,0,0,0.015307056285645545,0.6087026614881039,8.160614035087718,0.07603607978777543
Internal medicine,rand1,Nurse,40,2,2,0.007689733874379456,0.6087026614881039,8.160614035087718,0.03819788779161841
Internal medicine,rand2,Nurse,40,2,2,0.014857049876851134,0.6087026614881039,8.160614035087718,0.07380072358566953
Internal medicine,rand3,Nurse,40,2,2,0.014943897443870143,0.6087026614881039,8.160614035087718,0.07423212910296836
Internal medicine,deg,Nurse,40,2,2,0.006706864166765208,0.6087026614881039,8.160614035087718,0.033315593109052494
Internal medicine,btw,Nurse,40,2,2,0.006706864166765208,0.6087026614881039,8.160614035087718,0.033315593109052494
Internal medicine,cls,Nurse,40,2,2,0.010091092552219582,0.6087026614881039,8.160614035087718,0.05012636682899842
Internal medicine,dur,Nurse,40,2,2,0.006706864166765208,0.6087026614881039,8.160614035087718,0.033315593109052494
Internal medicine,none,Physician,40,0,0,0.015307056285645545,0.6087026614881039,8.160614035087718,0.07603607978777543
Internal medicine,rand1,Physician,40,2,2,0.014688551280800469,0.6087026614881039,8.160614035087718,0.07296372576882271
Internal medicine,rand2,Physician,40,2,2,0.014252484682135656,0.6087026614881039,8.160614035087718,0.07079761400506347
Internal medicine,rand3,Physician,40,2,2,0.014688551280800469,0.6087026614881039,8.160614035087718,0.07296372576882271
Internal medicine,deg,Physician,40,2,2,0.014688551280800469,0.6087026614881039,8.160614035087718,0.07296372576882271
Internal medicine,btw,Physician,40,2,2,0.015008947089371814,0.6087026614881039,8.160614035087718,0.07455525589777671
Internal medicine,cls,Physician,40,2,2,0.015008947089371814,0.6087026614881039,8.160614035087718,0.07455525589777671
Internal medicine,dur,Physician,40,2,2,0.01396829549045114,0.6087026614881039,8.160614035087718,0.06938593617161805
Internal medicine,none,Other HCW,40,0,0,0.015307056285645545,0.6087026614881039,8.160614035087718,0.07603607978777543
Internal medicine,rand1,Other HCW,40,2,2,0.014772158316870518,0.6087026614881039,8.160614035087718,0.07337903431324892
Internal medicine,rand2,Other HCW,40,2,2,0.014747416886664578,0.6087026614881039,8.160614035087718,0.07325613404254393
Internal medicine,rand3,Other HCW,40,2,2,0.014760794681164499,0.6087026614881039,8.160614035087718,0.07332258673148676
Internal medicine,deg,Other HCW,40,2,2,0.014747416886664578,0.6087026614881039,8.160614035087718,0.07325613404254393
Internal medicine,btw,Other HCW,40,2,2,0.014747416886664578,0.6087026614881039,8.160614035087718,0.07325613404254393
Internal medicine,cls,Other HCW,40,2,2,0.014747416886664578,0.6087026614881039,8.160614035087718,0.07325613404254393
Internal medicine,dur,Other HCW,40,2,2,0.014772158316870518,0.6087026614881039,8.160614035087718,0.07337903431324892
Pneumology,none,All,61,0,0,0.014312394514416597,0.28095955163344205,7.878199597354041,0.031679847304879265
Pneumology,rand1,All,61,3,3,0.01134892998206399,0.28095955163344205,7.878199597354041,0.02512035065435091
Pneumology,rand2,All,61,3,3,0.013352707150328092,0.28095955163344205,7.878199597354041,0.029555622101044798
Pneumology,rand3,All,61,3,3,0.01391527483808676,0.28095955163344205,7.878199597354041,0.030800840602316668
Pneumology,deg,All,61,3,3,0.00799872726368972,0.28095955163344205,7.878199597354041,0.017704826267318282
Pneumology,btw,All,61,3,3,0.00962339276145103,0.28095955163344205,7.878199597354041,0.021300950929668813
Pneumology,cls,All,61,3,3,0.009249523905200369,0.28095955163344205,7.878199597354041,0.02047340888098224
Pneumology,dur,All,61,3,3,0.005899512682172556,0.28095955163344205,7.878199597354041,0.013058308360363386
Pneumology,none,Patient,61,0,0,0.014312394514416597,0.28095955163344205,7.878199597354041,0.031679847304879265
Pneumology,rand1,Patient,61,3,3,0.012700219391400598,0.28095955163344205,7.878199597354041,0.028111369530288404
Pneumology,rand2,Patient,61,3,3,0.013742921529472863,0.28095955163344205,7.878199597354041,0.030419344236081156
Pneumology,rand3,Patient,61,3,3,0.013975827960057982,0.28095955163344205,7.878199597354041,0.030934872238738496
Pneumology,deg,Patient,61,3,3,0.012717776250219557,0.28095955163344205,7.878199597354041,0.028150230854714423
Pneumology,btw,Patient,61,3,3,0.012699768146956603,0.28095955163344205,7.878199597354041,0.028110370720825142
Pneumology,cls,Patient,61,3,3,0.012699768146956603,0.28095955163344205,7.878199597354041,0.028110370720825142
Pneumology,dur,Patient,61,3,3,0.012529527184068029,0.28095955163344205,7.878199597354041,0.0277335499376981
Pneumology,none,Visitor,61,0,0,0.014312394514416597,0.28095955163344205,7.878199597354041,0.031679847304879265
Pneumology,rand1,Visitor,61,3,0,0.014312394514416597,0.28095955163344205,7.878199597354041,0.031679847304879265
Pneumology,rand2,Visitor,61,3,0,0.014312394514416597,0.28095955163344205,7.878199597354041,0.031679847304879265
Pneumology,rand3,Visitor,61,3,0,0.014312394514416597,0.28095955163344205,7.878199597354041,0.031679847304879265
Pneumology,deg,Visitor,61,3,0,0.014312394514416597,0.28095955163344205,7.878199597354041,0.031679847304879265
Pneumology,btw,Visitor,61,3,0,0.014312394514416597,0.28095955163344205,7.878199597354041,0.031679847304879265
Pneumology,cls,Visitor,61,3,0,0.014312394514416597,0.28095955163344205,7.878199597354041,0.031679847304879265
Pneumology,dur,Visitor,61,3,0,0.014312394514416597,0.28095955163344205,7.878199597354041,0.031679847304879265
Pneumology,none,HCW,61,0,0,0.014312394514416597,0.28095955163344205,7.878199597354041,0.031679847304879265
Pneumology,rand1,HCW,61,3,3,0.013843140722863634,0.28095955163344205,7.878199597354041,0.03064117495353656
Pneumology,rand2,HCW,61,3,3,0.010051896479129475,0.28095955163344205,7.878199597354041,0.022249424808861596
Pneumology,rand3,HCW,61,3,3,0.013208965401360549,0.28095955163344205,7.878199597354041,0.029237456146770605
Pneumology,deg,HCW,61,3,3,0.00799872726368972,0.28095955163344205,7.878199597354041,0.017704826267318282
Pneumology,btw,HCW,61,3,3,0.009249523905200369,0.28095955163344205,7.878199597354041,0.02047340888098224
Pneumology,cls,HCW,61,3,3,0.009249523905200369,0.28095955163344205,7.878199597354041,0.02047340888098224
Pneumology,dur,HCW,61,3,3,0.005899512682172556,0.28095955163344205,7.878199597354041,0.013058308360363386
Pneumology,none,Nurse,61,0,0,0.014312394514416597,0.28095955163344205,7.878199597354041,0.031679847304879265
Pneumology,rand1,Nurse,61,3,3,0.013681462782047923,0.28095955163344205,7.878199597354041,0.030283308038084374
Pneumology,rand2,Nurse,61,3,3,0.01044852608938861,0.28095955163344205,7.878199597354041,0.02312734677202063
Pneumology,rand3,Nurse,61,3,3,0.011757108548072619,0.28095955163344205,7.878199597354041,0.026023835716284662
Pneumology,deg,Nurse,61,3,3,0.00799872726368972,0.28095955163344205,7.878199597354041,0.017704826267318282
Pneumology,btw,Nurse,61,3,3,0.009249523905200369,0.28095955163344205,7.878199597354041,0.02047340888098224
Pneumology,cls,Nurse,61,3,3,0.009249523905200369,0.28095955163344205,7.878199597354041,0.02047340888098224
Pneumology,dur,Nurse,61,3,3,0.005899512682172556,0.28095955163344205,7.878199597354041,0.013058308360363386
Pneumology,none,Physician,61,0,0,0.014312394514416597,0.28095955163344205,7.878199597354041,0.031679847304879265
Pneumology,rand1,Physician,61,3,3,0.013701030517549857,0.28095955163344205,7.878199597354041,0.030326620348416454
Pneumology,rand2,Physician,61,3,3,0.014044556759639226,0.28095955163344205,7.878199597354041,0.031087000373131963
Pneumology,rand3,Physician,61,3,3,0.013522462356016072,0.28095955163344205,7.878199597354041,0.029931367682260197
Pneumology,deg,Physician,61,3,3,0.013522462356016072,0.28095955163344205,7.878199597354041,0.029931367682260197
Pneumology,btw,Physician,61,3,3,0.013500338228675218,0.28095955163344205,7.878199597354041,0.029882396912539872
Pneumology,cls,Physician,61,3,3,0.013873919092189787,0.28095955163344205,7.878199597354041,0.030709301502141934
Pneumology,dur,Physician,61,3,3,0.01356892687770815,0.28095955163344205,7.878199597354041,0.03003421482994164
Pneumology,none,Other HCW,61,0,0,0.014312394514416597,0.28095955163344205,7.878199597354041,0.031679847304879265
Pneumology,rand1,Other HCW,61,3,3,0.014004990267943506,0.28095955163344205,7.878199597354041,0.03099942170737847
Pneumology,rand2,Other HCW,61,3,3,0.014137597080806249,0.28095955163344205,7.878199597354041,0.031292940976907185
Pneumology,rand3,Other HCW,61,3,3,0.014203638548736445,0.28095955163344205,7.878199597354041,0.031439120822474693
Pneumology,deg,Other HCW,61,3,3,0.014215027226725485,0.28095955163344205,7.878199597354041,0.03146432915357079
Pneumology,btw,Other HCW,61,3,3,0.014215072013188824,0.28095955163344205,7.878199597354041,0.0314644282864111
Pneumology,cls,Other HCW,61,3,3,0.014110726903715952,0.28095955163344205,7.878199597354041,0.031233465037614275
Pneumology,dur,Other HCW,61,3,3,0.013999264303894489,0.28095955163344205,7.878199597354041,0.030986747541181938
Adult emergency #2,none,All,88,0,0,0.014106831818325108,0.22721169144517941,8.132910339088829,0.02606790609925782
Adult emergency #2,rand1,All,88,4,4,0.012705516717832089,0.22721169144517941,8.132910339088829,0.02347842669484105
Adult emergency #2,rand2,All,88,4,4,0.013221878464863002,0.22721169144517941,8.132910339088829,0.024432607598689714
Adult emergency #2,rand3,All,88,4,4,0.012368364387361037,0.22721169144517941,8.132910339088829,0.022855405494542312
Adult emergency #2,deg,All,88,4,4,0.002274758985901734,0.22721169144517941,8.132910339088829,0.004203509647424844
Adult emergency #2,btw,All,88,4,4,0.0035095991897762524,0.22721169144517941,8.132910339088829,0.006485361369820382
Adult emergency #2,cls,All,88,4,4,0.005298809114530334,0.22721169144517941,8.132910339088829,0.009791628638829845
Adult emergency #2,dur,All,88,4,4,0.002274758985901734,0.22721169144517941,8.132910339088829,0.004203509647424844
Adult emergency #2,none,Patient,88,0,0,0.014106831818325108,0.22721169144517941,8.132910339088829,0.02606790609925782
Adult emergency #2,rand1,Patient,88,4,4,0.013042264775398852,0.22721169144517941,8.132910339088829,0.024100700842346987
Adult emergency #2,rand2,Patient,88,4,4,0.013831973764063811,0.22721169144517941,8.132910339088829,0.02555999801320545
Adult emergency #2,rand3,Patient,88,4,4,0.013035988165826563,0.22721169144517941,8.132910339088829,0.02408910234375713
Adult emergency #2,deg,Patient,88,4,4,0.01289162594084743,0.22721169144517941,8.132910339088829,0.02382233649771171
Adult emergency #2,btw,Patient,88,4,4,0.012712417855538555,0.22721169144517941,8.132910339088829,0.02349117925417025
Adult emergency #2,cls,Patient,88,4,4,0.013662909313758586,0.22721169144517941,8.132910339088829,0.02524758511482849
Adult emergency #2,dur,Patient,88,4,4,0.012428899679062815,0.22721169144517941,8.132910339088829,0.022967268194835033
Adult emergency #2,none,Visitor,88,0,0,0.014106831818325108,0.22721169144517941,8.132910339088829,0.02606790609925782
Adult emergency #2,rand1,Visitor,88,4,0,0.014106831818325108,0.22721169144517941,8.132910339088829,0.02606790609925782
Adult emergency #2,rand2,Visitor,88,4,0,0.014106831818325108,0.22721169144517941,8.132910339088829,0.02606790609925782
Adult emergency #2,rand3,Visitor,88,4,0,0.014106831818325108,0.22721169144517941,8.132910339088829,0.02606790609925782
Adult emergency #2,deg,Visitor,88,4,0,0.014106831818325108,0.22721169144517941,8.132910339088829,0.02606790609925782
Adult emergency #2,btw,Visitor,88,4,0,0.014106831818325108,0.22721169144517941,8.132910339088829,0.02606790609925782
Adult emergency #2,cls,Visitor,88,4,0,0.014106831818325108,0.22721169144517941,8.132910339088829,0.02606790609925782
Adult emergency #2,dur,Visitor,88,4,0,0.014106831818325108,0.22721169144517941,8.132910339088829,0.02606790609925782
Adult emergency #2,none,HCW,88,0,0,0.014106831818325108,0.22721169144517941,8.132910339088829,0.02606790609925782
Adult emergency #2,rand1,HCW,88,4,4,0.013386061274315391,0.22721169144517941,8.132910339088829,0.02473599975045249
Adult emergency #2,rand2,HCW,88,4,4,0.01056420525392655,0.22721169144517941,8.132910339088829,0.01952151369770423
Adult emergency #2,rand3,HCW,88,4,4,0.014026920414082645,0.22721169144517941,8.132910339088829,0.025920238429515963
Adult emergency #2,deg,HCW,88,4,4,0.002274758985901734,0.22721169144517941,8.132910339088829,0.004203509647424844
Adult emergency #2,btw,HCW,88,4,4,0.0035095991897762524,0.22721169144517941,8.132910339088829,0.006485361369820382
Adult emergency #2,cls,HCW,88,4,4,0.005298809114530334,0.22721169144517941,8.132910339088829,0.009791628638829845
Adult emergency #2,dur,HCW,88,4,4,0.002274758985901734,0.22721169144517941,8.132910339088829,0.004203509647424844
Adult emergency #2,none,Nurse,88,0,0,0.014106831818325108,0.22721169144517941,8.132910339088829,0.02606790609925782
Adult emergency #2,rand1,Nurse,88,4,4,0.013754414995267712,0.22721169144517941,8.132910339088829,0.02541667776042379
Adult emergency #2,rand2,Nurse,88,4,4,0.013603275336323186,0.22721169144517941,8.132910339088829,0.025137387946241575
Adult emergency #2,rand3,Nurse,88,4,4,0.011492367565078971,0.22721169144517941,8.132910339088829,0.021236657699106532
Adult emergency #2,deg,Nurse,88,4,4,0.0065052684496280195,0.22721169144517941,8.132910339088829,0.012021035571933377
Adult emergency #2,btw,Nurse,88,4,4,0.006796451112384506,0.22721169144517941,8.132910339088829,0.012559109776561496
Adult emergency #2,cls,Nurse,88,4,4,0.008659486824079509,0.22721169144517941,8.132910339088829,0.01600179914987221
Adult emergency #2,dur,Nurse,88,4,4,0.0074157144655164695,0.22721169144517941,8.132910339088829,0.013703441767475684
Adult emergency #2,none,Physician,88,0,0,0.014106831818325108,0.22721169144517941,8.132910339088829,0.02606790609925782
Adult emergency #2,rand1,Physician,88,4,4,0.013438065737297698,0.22721169144517941,8.132910339088829,0.024832098397918043
Adult emergency #2,rand2,Physician,88,4,4,0.013157536590277115,0.22721169144517941,8.132910339088829,0.02431371074314088
Adult emergency #2,rand3,Physician,88,4,4,0.012913788374164395,0.22721169144517941,8.132910339088829,0.023863290287909112
Adult emergency #2,deg,Physician,88,4,4,0.008856180755472409,0.22721169144517941,8.132910339088829,0.01636526835400516
Adult emergency #2,btw,Physician,88,4,4,0.008932537385705703,0.22721169144517941,8.132910339088829,0.01650636718417563
Adult emergency #2,cls,Physician,88,4,4,0.010385236822969818,0.22721169144517941,8.132910339088829,0.01919079930959823
Adult emergency #2,dur,Physician,88,4,4,0.008879572189342556,0.22721169144517941,8.132910339088829,0.01640849320487932
Adult emergency #2,none,Other HCW,88,0,0,0.014106831818325108,0.22721169144517941,8.132910339088829,0.02606790609925782
Adult emergency #2,rand1,Other HCW,88,4,4,0.013222827084320205,0.22721169144517941,8.132910339088829,0.024434360545294083
Adult emergency #2,rand2,Other HCW,88,4,4,0.013222827084320205,0.22721169144517941,8.132910339088829,0.024434360545294083
Adult emergency #2,rand3,Other HCW,88,4,4,0.013837073393227612,0.22721169144517941,8.132910339088829,0.02556942157874412
Adult emergency #2,deg,Other HCW,88,4,4,0.013476057118238646,0.22721169144517941,8.132910339088829,0.024902302378776688
Adult emergency #2,btw,Other HCW,88,4,4,0.01347108560900172,0.22721169144517941,8.132910339088829,0.024893115565066223
Adult emergency #2,cls,Other HCW,88,4,4,0.013459721976218446,0.22721169144517941,8.132910339088829,0.024872116795381025
Adult emergency #2,dur,Other HCW,88,4,4,0.012771282119633968,0.22721169144517941,8.132910339088829,0.023599954075391824
General paediatrics,none,All,57,0,0,0.09253932438866876,0.4011173334000024,9.455740227762389,0.3509888227093377
General paediatrics,rand1,All,57,3,3,0.08889186033537352,0.4011173334000024,9.455740227762389,0.3371544974384534
General paediatrics,rand2,All,57,3,3,0.06300855727575527,0.4011173334000024,9.455740227762389,0.2389827188055329
General paediatrics,rand3,All,57,3,3,0.0873422010923488,0.4011173334000024,9.455740227762389,0.33127685485890057
General paediatrics,deg,All,57,3,3,0.08064168140855801,0.4011173334000024,9.455740227762389,0.30586271302362206
General paediatrics,btw,All,57,3,3,0.06024109928308817,0.4011173334000024,9.455740227762389,0.22848613447059568
General paediatrics,cls,All,57,3,3,0.0677962419716393,0.4011173334000024,9.455740227762389,0.25714174283140545
General paediatrics,dur,All,57,3,3,0.059613029324094895,0.4011173334000024,9.455740227762389,0.2261039522259937
General paediatrics,none,Patient,57,0,0,0.09253932438866876,0.4011173334000024,9.455740227762389,0.3509888227093377
General paediatrics,rand1,Patient,57,3,3,0.06981874512626587,0.4011173334000024,9.455740227762389,0.26481281678680624
General paediatrics,rand2,Patient,57,3,3,0.06981874512626587,0.4011173334000024,9.455740227762389,0.26481281678680624
General paediatrics,rand3,Patient,57,3,3,0.08287266614621223,0.4011173334000024,9.455740227762389,0.3143245287081944
General paediatrics,deg,Patient,57,3,3,0.05888255825606979,0.4011173334000024,9.455740227762389,0.2233333767773063
General paediatrics,btw,Patient,57,3,3,0.05891548605709474,0.4011173334000024,9.455740227762389,0.2234582673596885
General paediatrics,cls,Patient,57,3,3,0.03857073952429345,0.4011173334000024,9.455740227762389,0.14629346546556335
General paediatrics,dur,Patient,57,3,3,0.03967622914309937,0.4011173334000024,9.455740227762389,0.15048643426434571
General paediatrics,none,Visitor,57,0,0,0.09253932438866876,0.4011173334000024,9.455740227762389,0.3509888227093377
General paediatrics,rand1,Visitor,57,3,3,0.08399387736581093,0.4011173334000024,9.455740227762389,0.3185771273582838
General paediatrics,rand2,Visitor,57,3,3,0.0655342681241395,0.4011173334000024,9.455740227762389,0.24856238975120853
General paediatrics,rand3,Visitor,57,3,3,0.08508580230096022,0.4011173334000024,9.455740227762389,0.3227186471933038
General paediatrics,deg,Visitor,57,3,3,0.06055233298714518,0.4011173334000024,9.455740227762389,0.2296666007436757
General paediatrics,btw,Visitor,57,3,3,0.06049639753920506,0.4011173334000024,9.455740227762389,0.22945444534757878
General paediatrics,cls,Visitor,57,3,3,0.04668290884189109,0.4011173334000024,9.455740227762389,0.17706179857380736
General paediatrics,dur,Visitor,57,3,3,0.04150280548468814,0.4011173334000024,9.455740227762389,0.15741438499186877
General paediatrics,none,HCW,57,0,0,0.09253932438866876,0.4011173334000024,9.455740227762389,0.3509888227093377
General paediatrics,rand1,HCW,57,3,3,0.08753491917036649,0.4011173334000024,9.455740227762389,0.3320078077998809
General paediatrics,rand2,HCW,57,3,3,0.09180831938951259,0.4011173334000024,9.455740227762389,0.34821622213392356
General paediatrics,rand3,HCW,57,3,3,0.09045579821109549,0.4011173334000024,9.455740227762389,0.3430862968914588
General paediatrics,deg,HCW,57,3,3,0.08064168140855801,0.4011173334000024,9.455740227762389,0.30586271302362206
General paediatrics,btw,HCW,57,3,3,0.08064168140855801,0.4011173334000024,9.455740227762389,0.30586271302362206
General paediatrics,cls,HCW,57,3,3,0.08416424260140463,0.4011173334000024,9.455740227762389,0.3192232990681667
General paediatrics,dur,HCW,57,3,3,0.08064168140855801,0.4011173334000024,9.455740227762389,0.30586271302362206
General paediatrics,none,Nurse,57,0,0,0.09253932438866876,0.4011173334000024,9.455740227762389,0.3509888227093377
General paediatrics,rand1,Nurse,57,3,3,0.09111810233764374,0.4011173334000024,9.455740227762389,0.3455983245855055
General paediatrics,rand2,Nurse,57,3,3,0.09174600835457983,0.4011173334000024,9.455740227762389,0.34797988502062244
General paediatrics,rand3,Nurse,57,3,3,0.09187493478281265,0.4011173334000024,9.455740227762389,0.34846888508152085
General paediatrics,deg,Nurse,57,3,3,0.08921700866325247,0.4011173334000024,9.455740227762389,0.338387739949808
General paediatrics,btw,Nurse,57,3,3,0.09186352736810872,0.4011173334000024,9.455740227762389,0.3484256183396947
General paediatrics,cls,Nurse,57,3,3,0.09173662052038768,0.4011173334000024,9.455740227762389,0.3479442782675728
General paediatrics,dur,Nurse,57,3,3,0.08897414052883275,0.4011173334000024,9.455740227762389,0.3374665748004326
General paediatrics,none,Physician,57,0,0,0.09253932438866876,0.4011173334000024,9.455740227762389,0.3509888227093377
General paediatrics,rand1,Physician,57,3,3,0.08688980624718359,0.4011173334000024,9.455740227762389,0.3295609839558734
General paediatrics,rand2,Physician,57,3,3,0.0844264018890886,0.4011173334000024,9.455740227762389,0.3202176328862963
General paediatrics,rand3,Physician,57,3,3,0.08417335138387573,0.4011173334000024,9.455740227762389,0.31925784741674135
General paediatrics,deg,Physician,57,3,3,0.08064168140855801,0.4011173334000024,9.455740227762389,0.30586271302362206
General paediatrics,btw,Physician,57,3,3,0.08064168140855801,0.4011173334000024,9.455740227762389,0.30586271302362206
General paediatrics,cls,Physician,57,3,3,0.08064168140855801,0.4011173334000024,9.455740227762389,0.30586271302362206
General paediatrics,dur,Physician,57,3,3,0.08064168140855801,0.4011173334000024,9.455740227762389,0.30586271302362206
General paediatrics,none,Other HCW,57,0,0,0.09253932438866876,0.4011173334000024,9.455740227762389,0.3509888227093377
General paediatrics,rand1,Other HCW,57,3,3,0.09199867145286666,0.4011173334000024,9.455740227762389,0.34893820110943813
General paediatrics,rand2,Other HCW,57,3,3,0.09175783554584474,0.4011173334000024,9.455740227762389,0.34802474391672367
General paediatrics,rand3,Other HCW,57,3,3,0.09171581586001745,0.4011173334000024,9.455740227762389,0.3478653690762808
General paediatrics,deg,Other HCW,57,3,3,0.09181773960461771,0.4011173334000024,9.455740227762389,0.34825195170328505
General paediatrics,btw,Other HCW,57,3,3,0.09199867145286666,0.4011173334000024,9.455740227762389,0.34893820110943813
General paediatrics,cls,Other HCW,57,3,3,0.09199867145286666,0.4011173334000024,9.455740227762389,0.34893820110943813
General paediatrics,dur,Other HCW,57,3,3,0.09171581586001745,0.4011173334000024,9.455740227762389,0.3478653690762808
Neonatal ICU,none,All,86,0,0,0.031640132824120114,0.4501226300768154,9.47579672695952,0.13495372656866828
Neonatal ICU,rand1,All,86,4,4,0.02991285051894247,0.4501226300768154,9.47579672695952,0.12758640022981857
Neonatal ICU,rand2,All,86,4,4,0.02793238309712376,0.4501226300768154,9.47579672695952,0.11913917087057488
Neonatal ICU,rand3,All,86,4,4,0.02936653183130112,0.4501226300768154,9.47579672695952,0.1252562032233414
Neonatal ICU,deg,All,86,4,4,0.014849585905619488,0.4501226300768154,9.47579672695952,0.06333750136589865
Neonatal ICU,btw,All,86,4,4,0.014849585905619488,0.4501226300768154,9.47579672695952,0.06333750136589865
Neonatal ICU,cls,All,86,4,4,0.02655673027820547,0.4501226300768154,9.47579672695952,0.11327163942215468
Neonatal ICU,dur,All,86,4,4,0.013102049447705884,0.4501226300768154,9.47579672695952,0.055883785585974136
Neonatal ICU,none,Patient,86,0,0,0.031640132824120114,0.4501226300768154,9.47579672695952,0.13495372656866828
Neonatal ICU,rand1,Patient,86,4,4,0.023873557508995884,0.4501226300768154,9.47579672695952,0.1018271816430026
Neonatal ICU,rand2,Patient,86,4,4,0.02936072458742625,0.4501226300768154,9.47579672695952,0.1252314337570954
Neonatal ICU,rand3,Patient,86,4,4,0.027618899489264385,0.4501226300768154,9.47579672695952,0.11780207847169079
Neonatal ICU,deg,Patient,86,4,4,0.014489769066118714,0.4501226300768154,9.47579672695952,0.061802785198848555
Neonatal ICU,btw,Patient,86,4,4,0.014489769066118714,0.4501226300768154,9.47579672695952,0.061802785198848555
Neonatal ICU,cls,Patient,86,4,4,0.02267132752743481,0.4501226300768154,9.47579672695952,0.09669934551455991
Neonatal ICU,dur,Patient,86,4,4,0.015520631397555157,0.4501226300768154,9.47579672695952,0.06619969193688094
Neonatal ICU,none,Visitor,86,0,0,0.031640132824120114,0.4501226300768154,9.47579672695952,0.13495372656866828
Neonatal ICU,rand1,Visitor,86,4,4,0.029808305123795,0.4501226300768154,9.47579672695952,0.1271404858353003
Neonatal ICU,rand2,Visitor,86,4,4,0.03101172748710358,0.4501226300768154,9.47579672695952,0.1322734077944888
Neonatal ICU,rand3,Visitor,86,4,4,0.027823437026177563,0.4501226300768154,9.47579672695952,0.11867448640319503
Neonatal ICU,deg,Visitor,86,4,4,0.03054789530209938,0.4501226300768154,9.47579672695952,0.13029503803805445
Neonatal ICU,btw,Visitor,86,4,4,0.028978062384521962,0.4501226300768154,9.47579672695952,0.12359927593443475
Neonatal ICU,cls,Visitor,86,4,4,0.03074263592664356,0.4501226300768154,9.47579672695952,0.1311256594878011
Neonatal ICU,dur,Visitor,86,4,4,0.02547686085547496,0.4501226300768154,9.47579672695952,0.10866570418113879
Neonatal ICU,none,HCW,86,0,0,0.031640132824120114,0.4501226300768154,9.47579672695952,0.13495372656866828
Neonatal ICU,rand1,HCW,86,4,4,0.026337124334588943,0.4501226300768154,9.47579672695952,0.11233496065938141
Neonatal ICU,rand2,HCW,86,4,4,0.031092208104895633,0.4501226300768154,9.47579672695952,0.13261667940298555
Neonatal ICU,rand3,HCW,86,4,4,0.03049042701273579,0.4501226300768154,9.47579672695952,0.13004992023617118
Neonatal ICU,deg,HCW,86,4,4,0.018768886448258883,0.4501226300768154,9.47579672695952,0.08005437852668532
Neonatal ICU,btw,HCW,86,4,4,0.018768886448258883,0.4501226300768154,9.47579672695952,0.08005437852668532
Neonatal ICU,cls,HCW,86,4,4,0.02655673027820547,0.4501226300768154,9.47579672695952,0.11327163942215468
Neonatal ICU,dur,HCW,86,4,4,0.018768886448258883,0.4501226300768154,9.47579672695952,0.08005437852668532
Neonatal ICU,none,Nurse,86,0,0,0.031640132824120114,0.4501226300768154,9.47579672695952,0.13495372656866828
Neonatal ICU,rand1,Nurse,86,4,4,0.03070677235482986,0.4501226300768154,9.47579672695952,0.13097269165131237
Neonatal ICU,rand2,Nurse,86,4,4,0.027980361032545042,0.4501226300768154,9.47579672695952,0.11934380974532817
Neonatal ICU,rand3,Nurse,86,4,4,0.02893826588132894,0.4501226300768154,9.47579672695952,0.12342953308157903
Neonatal ICU,deg,Nurse,86,4,4,0.020677852244332207,0.4501226300768154,9.47579672695952,0.08819663410773103
Neonatal ICU,btw,Nurse,86,4,4,0.020613044232795558,0.4501226300768154,9.47579672695952,0.0879202104050559
Neonatal ICU,cls,Nurse,86,4,4,0.023533506428366845,0.4501226300768154,9.47579672695952,0.10037677178506396
Neonatal ICU,dur,Nurse,86,4,4,0.01835165225208863,0.4501226300768154,9.47579672695952,0.07827476179947192
Neonatal ICU,none,Physician,86,0,0,0.031640132824120114,0.4501226300768154,9.47579672695952,0.13495372656866828
Neonatal ICU,rand1,Physician,86,4,4,0.031498865521546196,0.4501226300768154,9.47579672695952,0.13435118330405466
Neonatal ICU,rand2,Physician,86,4,4,0.0315053787405997,0.4501226300768154,9.47579672695952,0.13437896394543547
Neonatal ICU,rand3,Physician,86,4,4,0.028903837728232108,0.4501226300768154,9.47579672695952,0.12328268769426282
Neonatal ICU,deg,Physician,86,4,4,0.027993414626561942,0.4501226300768154,9.47579672695952,0.11939948685539241
Neonatal ICU,btw,Physician,86,4,4,0.027986524077558767,0.4501226300768154,9.47579672695952,0.11937009679969157
Neonatal ICU,cls,Physician,86,4,4,0.02705472178607097,0.4501226300768154,9.47579672695952,0.11539570793222007
Neonatal ICU,dur,Physician,86,4,4,0.028071653310802552,0.4501226300768154,9.47579672695952,0.11973319601074875
Neonatal ICU,none,Other HCW,86,0,0,0.031640132824120114,0.4501226300768154,9.47579672695952,0.13495372656866828
Neonatal ICU,rand1,Other HCW,86,4,4,0.031302140745356304,0.4501226300768154,9.47579672695952,0.13351209891073712
Neonatal ICU,rand2,Other HCW,86,4,4,0.030757394912693227,0.4501226300768154,9.47579672695952,0.13118861055627004
Neonatal ICU,rand3,Other HCW,86,4,4,0.0313397156416903,0.4501226300768154,9.47579672695952,0.13367236600929489
Neonatal ICU,deg,Other HCW,86,4,4,0.031367507339709444,0.4501226300768154,9.47579672695952,0.13379090512024625
Neonatal ICU,btw,Other HCW,86,4,4,0.031015597329379713,0.4501226300768154,9.47579672695952,0.13228991371876225
Neonatal ICU,cls,Other HCW,86,4,4,0.031430011863220156,0.4501226300768154,9.47579672695952,0.134057503823294
Neonatal ICU,dur,Other HCW,86,4,4,0.030604291437620054,0.4501226300768154,9.47579672695952,0.13053558281373204
Paediatric emergency,none,All,97,0,0,0.02273635508872349,0.7134810564433154,4.525447639717852,0.07341162447687921
Paediatric emergency,rand1,All,97,5,5,0.020287815085116036,0.7134810564433154,4.525447639717852,0.06550572669511041
Paediatric emergency,rand2,All,97,5,5,0.022138220765540385,0.7134810564433154,4.525447639717852,0.07148035571594978
Paediatric emergency,rand3,All,97,5,5,0.02221696774258846,0.7134810564433154,4.525447639717852,0.07173461562195425
Paediatric emergency,deg,All,97,5,5,0.00990987000356379,0.7134810564433154,4.525447639717852,0.03199719798874585
Paediatric emergency,btw,All,97,5,5,0.01179096265773676,0.7134810564433154,4.525447639717852,0.038070909759849045
Paediatric emergency,cls,All,97,5,5,0.017903463863429298,0.7134810564433154,4.525447639717852,0.05780708301082573
Paediatric emergency,dur,All,97,5,5,0.0057911954306439795,0.7134810564433154,4.525447639717852,0.018698734364749215
Paediatric emergency,none,Patient,97,0,0,0.02273635508872349,0.7134810564433154,4.525447639717852,0.07341162447687921
Paediatric emergency,rand1,Patient,97,5,5,0.014583949987769419,0.7134810564433154,4.525447639717852,0.047088966358671755
Paediatric emergency,rand2,Patient,97,5,5,0.022062296056193705,0.7134810564433154,4.525447639717852,0.07123520840762687
Paediatric emergency,rand3,Patient,97,5,5,0.022318375132912984,0.7134810564433154,4.525447639717852,0.07206204194990495
Paediatric emergency,deg,Patient,97,5,5,0.014715247070663427,0.7134810564433154,4.525447639717852,0.04751290115854235
Paediatric emergency,btw,Patient,97,5,5,0.014411372308125977,0.7134810564433154,4.525447639717852,0.0465317438944009
Paediatric emergency,cls,Patient,97,5,5,0.021014044368594376,0.7134810564433154,4.525447639717852,0.06785059117469741
Paediatric emergency,dur,Patient,97,5,5,0.012542814775753948,0.7134810564433154,4.525447639717852,0.04049850578984767
Paediatric emergency,none,Visitor,97,0,0,0.02273635508872349,0.7134810564433154,4.525447639717852,0.07341162447687921
Paediatric emergency,rand1,Visitor,97,5,5,0.021908867737101576,0.7134810564433154,4.525447639717852,0.07073981580395944
Paediatric emergency,rand2,Visitor,97,5,5,0.022015755067645474,0.7134810564433154,4.525447639717852,0.0710849358788617
Paediatric emergency,rand3,Visitor,97,5,5,0.02215465710565474,0.7134810564433154,4.525447639717852,0.07153342571875106
Paediatric emergency,deg,Visitor,97,5,5,0.012937847976330632,0.7134810564433154,4.525447639717852,0.041773997347903886
Paediatric emergency,btw,Visitor,97,5,5,0.02029733149631733,0.7134810564433154,4.525447639717852,0.06553645348499167
Paediatric emergency,cls,Visitor,97,5,5,0.020695997186715193,0.7134810564433154,4.525447639717852,0.0668236737030564
Paediatric emergency,dur,Visitor,97,5,5,0.012537881190117542,0.7134810564433154,4.525447639717852,0.04048257612413604
Paediatric emergency,none,HCW,97,0,0,0.02273635508872349,0.7134810564433154,4.525447639717852,0.07341162447687921
Paediatric emergency,rand1,HCW,97,5,5,0.02220341453123239,0.7134810564433154,4.525447639717852,0.07169085472630297
Paediatric emergency,rand2,HCW,97,5,5,0.022253078322173027,0.7134810564433154,4.525447639717852,0.07185121022552021
Paediatric emergency,rand3,HCW,97,5,5,0.02073596815127255,0.7134810564433154,4.525447639717852,0.06695273279931932
Paediatric emergency,deg,HCW,97,5,5,0.00990987000356379,0.7134810564433154,4.525447639717852,0.03199719798874585
Paediatric emergency,btw,HCW,97,5,5,0.01179096265773676,0.7134810564433154,4.525447639717852,0.038070909759849045
Paediatric emergency,cls,HCW,97,5,5,0.017004120609661603,0.7134810564433154,4.525447639717852,0.05490326448038091
Paediatric emergency,dur,HCW,97,5,5,0.00990987000356379,0.7134810564433154,4.525447639717852,0.03199719798874585
Paediatric emergency,none,Nurse,97,0,0,0.02273635508872349,0.7134810564433154,4.525447639717852,0.07341162447687921
Paediatric emergency,rand1,Nurse,97,5,5,0.02059894901484949,0.7134810564433154,4.525447639717852,0.06651032251191907
Paediatric emergency,rand2,Nurse,97,5,5,0.02245945421426445,0.7134810564433154,4.525447639717852,0.07251756107341009
Paediatric emergency,rand3,Nurse,97,5,5,0.02227231642696859,0.7134810564433154,4.525447639717852,0.07191332662541752
Paediatric emergency,deg,Nurse,97,5,5,0.018859780301685836,0.7134810564433154,4.525447639717852,0.06089485776506393
Paediatric emergency,btw,Nurse,97,5,5,0.018857492313687548,0.7134810564433154,4.525447639717852,0.060887470260994676
Paediatric emergency,cls,Nurse,97,5,5,0.020592305187234965,0.7134810564433154,4.525447639717852,0.06648887078071487
Paediatric emergency,dur,Nurse,97,5,5,0.018912711373196917,0.7134810564433154,4.525447639717852,0.061065762728932015
Paediatric emergency,none,Physician,97,0,0,0.02273635508872349,0.7134810564433154,4.525447639717852,0.07341162447687921
Paediatric emergency,rand1,Physician,97,5,5,0.016694392622748407,0.7134810564433154,4.525447639717852,0.05390320820150407
Paediatric emergency,rand2,Physician,97,5,5,0.020033736935727367,0.7134810564433154,4.525447639717852,0.06468535378934276
Paediatric emergency,rand3,Physician,97,5,5,0.021006241605223096,0.7134810564433154,4.525447639717852,0.0678253974471954
Paediatric emergency,deg,Physician,97,5,5,0.013304610832298804,0.7134810564433154,4.525447639717852,0.04295820901900665
Paediatric emergency,btw,Physician,97,5,5,0.013248134363300575,0.7134810564433154,4.525447639717852,0.042775856600701295
Paediatric emergency,cls,Physician,97,5,5,0.013603117448748696,0.7134810564433154,4.525447639717852,0.04392203349945523
Paediatric emergency,dur,Physician,97,5,5,0.01365346881114681,0.7134810564433154,4.525447639717852,0.04408460904394534
Paediatric emergency,none,Other HCW,97,0,0,0.02273635508872349,0.7134810564433154,4.525447639717852,0.07341162447687921
Paediatric emergency,rand1,Other HCW,97,5,2,0.022675910927974337,0.7134810564433154,4.525447639717852,0.07321646109148075
Paediatric emergency,rand2,Other HCW,97,5,2,0.022675910927974337,0.7134810564433154,4.525447639717852,0.07321646109148075
Paediatric emergency,rand3,Other HCW,97,5,2,0.022675910927974337,0.7134810564433154,4.525447639717852,0.07321646109148075
Paediatric emergency,deg,Other HCW,97,5,2,0.022675910927974337,0.7134810564433154,4.525447639717852,0.07321646109148075
Paediatric emergency,btw,Other HCW,97,5,2,0.022675910927974337,0.7134810564433154,4.525447639717852,0.07321646109148075
Paediatric emergency,cls,Other HCW,97,5,2,0.022675910927974337,0.7134810564433154,4.525447639717852,0.07321646109148075
Paediatric emergency,dur,Other HCW,97,5,2,0.022675910927974337,0.7134810564433154,4.525447639717852,0.07321646109148075
Geriatry #1,none,All,79,0,0,0.025021900095319592,0.2947720293584892,12.735687319564734,0.093935325593706
Geriatry #1,rand1,All,79,4,4,0.02441624666686429,0.2947720293584892,12.735687319564734,0.09166162728214032
Geriatry #1,rand2,All,79,4,4,0.021542822122380748,0.2947720293584892,12.735687319564734,0.0808744340982983
Geriatry #1,rand3,All,79,4,4,0.024034490733258928,0.2947720293584892,12.735687319564734,0.09022846801829783
Geriatry #1,deg,All,79,4,4,0.011621526046543098,0.2947720293584892,12.735687319564734,0.043628654455460825
Geriatry #1,btw,All,79,4,4,0.013230945598146157,0.2947720293584892,12.735687319564734,0.049670615658278856
Geriatry #1,cls,All,79,4,4,0.01297275303083692,0.2947720293584892,12.735687319564734,0.04870132864235776
Geriatry #1,dur,All,79,4,4,0.005824950993758666,0.2947720293584892,12.735687319564734,0.021867590633872402
Geriatry #1,none,Patient,79,0,0,0.025021900095319592,0.2947720293584892,12.735687319564734,0.093935325593706
Geriatry #1,rand1,Patient,79,4,4,0.02393592223352509,0.2947720293584892,12.735687319564734,0.08985842960872424
Geriatry #1,rand2,Patient,79,4,4,0.02385460883371634,0.2947720293584892,12.735687319564734,0.08955316899074284
Geriatry #1,rand3,Patient,79,4,4,0.024152687219901787,0.2947720293584892,12.735687319564734,0.09067219233238004
Geriatry #1,deg,Patient,79,4,4,0.017645470114915934,0.2947720293584892,12.735687319564734,0.06624328984546952
Geriatry #1,btw,Patient,79,4,4,0.017845982170358127,0.2947720293584892,12.735687319564734,0.06699603704459006
Geriatry #1,cls,Patient,79,4,4,0.017678079319664256,0.2947720293584892,12.735687319564734,0.06636570885656445
Geriatry #1,dur,Patient,79,4,4,0.017944489478260325,0.2947720293584892,12.735687319564734,0.06736584573241561
Geriatry #1,none,Visitor,79,0,0,0.025021900095319592,0.2947720293584892,12.735687319564734,0.093935325593706
Geriatry #1,rand1,Visitor,79,4,0,0.025021900095319592,0.2947720293584892,12.735687319564734,0.093935325593706
Geriatry #1,rand2,Visitor,79,4,0,0.025021900095319592,0.2947720293584892,12.735687319564734,0.093935325593706
Geriatry #1,rand3,Visitor,79,4,0,0.025021900095319592,0.2947720293584892,12.735687319564734,0.093935325593706
Geriatry #1,deg,Visitor,79,4,0,0.025021900095319592,0.2947720293584892,12.735687319564734,0.093935325593706
Geriatry #1,btw,Visitor,79,4,0,0.025021900095319592,0.2947720293584892,12.735687319564734,0.093935325593706
Geriatry #1,cls,Visitor,79,4,0,0.025021900095319592,0.2947720293584892,12.735687319564734,0.093935325593706
Geriatry #1,dur,Visitor,79,4,0,0.025021900095319592,0.2947720293584892,12.735687319564734,0.093935325593706
Geriatry #1,none,HCW,79,0,0,0.025021900095319592,0.2947720293584892,12.735687319564734,0.093935325593706
Geriatry #1,rand1,HCW,79,4,4,0.021735814490501243,0.2947720293584892,12.735687319564734,0.08159895145579067
Geriatry #1,rand2,HCW,79,4,4,0.02257326107015113,0.2947720293584892,12.735687319564734,0.08474283009118902
Geriatry #1,rand3,HCW,79,4,4,0.023331305364602227,0.2947720293584892,12.735687319564734,0.08758862267058769
Geriatry #1,deg,HCW,79,4,4,0.013230945598146157,0.2947720293584892,12.735687319564734,0.049670615658278856
Geriatry #1,btw,HCW,79,4,4,0.013230945598146157,0.2947720293584892,12.735687319564734,0.049670615658278856
Geriatry #1,cls,HCW,79,4,4,0.01297275303083692,0.2947720293584892,12.735687319564734,0.04870132864235776
Geriatry #1,dur,HCW,79,4,4,0.010426247001671258,0.2947720293584892,12.735687319564734,0.039141428232526136
Geriatry #1,none,Nurse,79,0,0,0.025021900095319592,0.2947720293584892,12.735687319564734,0.093935325593706
Geriatry #1,rand1,Nurse,79,4,4,0.022104688817863285,0.2947720293584892,12.735687319564734,0.0829837515673695
Geriatry #1,rand2,Nurse,79,4,4,0.02224156844135365,0.2947720293584892,12.735687319564734,0.08349761470129338
Geriatry #1,rand3,Nurse,79,4,4,0.022319459849285704,0.2947720293584892,12.735687319564734,0.08379002873608597
Geriatry #1,deg,Nurse,79,4,4,0.01976743539025272,0.2947720293584892,12.735687319564734,0.07420941145405925
Geriatry #1,btw,Nurse,79,4,4,0.01976743539025272,0.2947720293584892,12.735687319564734,0.07420941145405925
Geriatry #1,cls,Nurse,79,4,4,0.0201125268576207,0.2947720293584892,12.735687319564734,0.0755049277507167
Geriatry #1,dur,Nurse,79,4,4,0.018764597872327433,0.2947720293584892,12.735687319564734,0.07044463466232727
Geriatry #1,none,Physician,79,0,0,0.025021900095319592,0.2947720293584892,12.735687319564734,0.093935325593706
Geriatry #1,rand1,Physician,79,4,4,0.023593903626551425,0.2947720293584892,12.735687319564734,0.08857444921224003
Geriatry #1,rand2,Physician,79,4,4,0.02423527913708979,0.2947720293584892,12.735687319564734,0.0909822526636462
Geriatry #1,rand3,Physician,79,4,4,0.024038468967606544,0.2947720293584892,12.735687319564734,0.09024340280491706
Geriatry #1,deg,Physician,79,4,4,0.0220576702583811,0.2947720293584892,12.735687319564734,0.08280723804613085
Geriatry #1,btw,Physician,79,4,4,0.0220576702583811,0.2947720293584892,12.735687319564734,0.08280723804613085
Geriatry #1,cls,Physician,79,4,4,0.0222952998059911,0.2947720293584892,12.735687319564734,0.0836993289281341
Geriatry #1,dur,Physician,79,4,4,0.0220576702583811,0.2947720293584892,12.735687319564734,0.08280723804613085
Geriatry #1,none,Other HCW,79,0,0,0.025021900095319592,0.2947720293584892,12.735687319564734,0.093935325593706
Geriatry #1,rand1,Other HCW,79,4,4,0.024440532075652912,0.2947720293584892,12.735687319564734,0.09175279772775177
Geriatry #1,rand2,Other HCW,79,4,4,0.019914675670415813,0.2947720293584892,12.735687319564734,0.07476216978196161
Geriatry #1,rand3,Other HCW,79,4,4,0.015912152216117276,0.2947720293584892,12.735687319564734,0.05973619883476301
Geriatry #1,deg,Other HCW,79,4,4,0.014652727802313435,0.2947720293584892,12.735687319564734,0.05500816291740056
Geriatry #1,btw,Other HCW,79,4,4,0.014652727802313435,0.2947720293584892,12.735687319564734,0.05500816291740056
Geriatry #1,cls,Other HCW,79,4,4,0.0145826488137803,0.2947720293584892,12.735687319564734,0.05474507767686885
Geriatry #1,dur,Other HCW,79,4,4,0.014672945467797434,0.2947720293584892,12.735687319564734,0.05508406254863358
Infectious diseases #1,none,All,50,0,0,0.021219001839587026,0.33841796596984774,6.822701754385965,0.048993080642550875
Infectious diseases #1,rand1,All,50,3,3,0.020519167730712756,0.33841796596984774,6.822701754385965,0.047377216277596744
Infectious diseases #1,rand2,All,50,3,3,0.020602814425965902,0.33841796596984774,6.822701754385965,0.04757035021089867
Infectious diseases #1,rand3,All,50,3,3,0.02097951451276153,0.33841796596984774,6.822701754385965,0.048440122402350315
Infectious diseases #1,deg,All,50,3,3,0.0073601215417867585,0.33841796596984774,6.822701754385965,0.016993967527869004
Infectious diseases #1,btw,All,50,3,3,0.007071605407700995,0.33841796596984774,6.822701754385965,0.016327805456212575
Infectious diseases #1,cls,All,50,3,3,0.00818321749343451,0.33841796596984774,6.822701754385965,0.018894434224676654
Infectious diseases #1,dur,All,50,3,3,0.007071605407700995,0.33841796596984774,6.822701754385965,0.016327805456212575
Infectious diseases #1,none,Patient,50,0,0,0.021219001839587026,0.33841796596984774,6.822701754385965,0.048993080642550875
Infectious diseases #1,rand1,Patient,50,3,3,0.019895838338288414,0.33841796596984774,6.822701754385965,0.04593799555360663
Infectious diseases #1,rand2,Patient,50,3,3,0.020382190728404588,0.33841796596984774,6.822701754385965,0.04706094667306998
Infectious diseases #1,rand3,Patient,50,3,3,0.019895838338288414,0.33841796596984774,6.822701754385965,0.04593799555360663
Infectious diseases #1,deg,Patient,50,3,3,0.02058302532059643,0.33841796596984774,6.822701754385965,0.047524658653749094
Infectious diseases #1,btw,Patient,50,3,3,0.0201177820079223,0.33841796596984774,6.822701754385965,0.04645044680775517
Infectious diseases #1,cls,Patient,50,3,3,0.020510036745974212,0.33841796596984774,6.822701754385965,0.04735613352002768
Infectious diseases #1,dur,Patient,50,3,3,0.019776131750448973,0.33841796596984774,6.822701754385965,0.04566160203821889
Infectious diseases #1,none,Visitor,50,0,0,0.021219001839587026,0.33841796596984774,6.822701754385965,0.048993080642550875
Infectious diseases #1,rand1,Visitor,50,3,0,0.021219001839587026,0.33841796596984774,6.822701754385965,0.048993080642550875
Infectious diseases #1,rand2,Visitor,50,3,0,0.021219001839587026,0.33841796596984774,6.822701754385965,0.048993080642550875
Infectious diseases #1,rand3,Visitor,50,3,0,0.021219001839587026,0.33841796596984774,6.822701754385965,0.048993080642550875
Infectious diseases #1,deg,Visitor,50,3,0,0.021219001839587026,0.33841796596984774,6.822701754385965,0.048993080642550875
Infectious diseases #1,btw,Visitor,50,3,0,0.021219001839587026,0.33841796596984774,6.822701754385965,0.048993080642550875
Infectious diseases #1,cls,Visitor,50,3,0,0.021219001839587026,0.33841796596984774,6.822701754385965,0.048993080642550875
Infectious diseases #1,dur,Visitor,50,3,0,0.021219001839587026,0.33841796596984774,6.822701754385965,0.048993080642550875
Infectious diseases #1,none,HCW,50,0,0,0.021219001839587026,0.33841796596984774,6.822701754385965,0.048993080642550875
Infectious diseases #1,rand1,HCW,50,3,3,0.019790331721911265,0.33841796596984774,6.822701754385965,0.04569438870519943
Infectious diseases #1,rand2,HCW,50,3,3,0.019784577755470212,0.33841796596984774,6.822701754385965,0.04568110322909682
Infectious diseases #1,rand3,HCW,50,3,3,0.019037571876238793,0.33841796596984774,6.822701754385965,0.043956322791340055
Infectious diseases #1,deg,HCW,50,3,3,0.0073601215417867585,0.33841796596984774,6.822701754385965,0.016993967527869004
Infectious diseases #1,btw,HCW,50,3,3,0.007071605407700995,0.33841796596984774,6.822701754385965,0.016327805456212575
Infectious diseases #1,cls,HCW,50,3,3,0.00818321749343451,0.33841796596984774,6.822701754385965,0.018894434224676654
Infectious diseases #1,dur,HCW,50,3,3,0.007071605407700995,0.33841796596984774,6.822701754385965,0.016327805456212575
Infectious diseases #1,none,Nurse,50,0,0,0.021219001839587026,0.33841796596984774,6.822701754385965,0.048993080642550875
Infectious diseases #1,rand1,Nurse,50,3,3,0.019924909608757365,0.33841796596984774,6.822701754385965,0.046005118932417474
Infectious diseases #1,rand2,Nurse,50,3,3,0.020826475912133376,0.33841796596984774,6.822701754385965,0.048086767774329596
Infectious diseases #1,rand3,Nurse,50,3,3,0.020623313508940304,0.33841796596984774,6.822701754385965,0.04761768105298331
Infectious diseases #1,deg,Nurse,50,3,3,0.006788403444653915,0.33841796596984774,6.822701754385965,0.01567391340612525
Infectious diseases #1,btw,Nurse,50,3,3,0.006788403444653915,0.33841796596984774,6.822701754385965,0.01567391340612525
Infectious diseases #1,cls,Nurse,50,3,3,0.011275071771135884,0.33841796596984774,6.822701754385965,0.026033293399467482
Infectious diseases #1,dur,Nurse,50,3,3,0.008230499744968475,0.33841796596984774,6.822701754385965,0.01900360539021391
Infectious diseases #1,none,Physician,50,0,0,0.021219001839587026,0.33841796596984774,6.822701754385965,0.048993080642550875
Infectious diseases #1,rand1,Physician,50,3,3,0.017498704902209446,0.33841796596984774,6.822701754385965,0.0404031945939467
Infectious diseases #1,rand2,Physician,50,3,3,0.01831846691033048,0.33841796596984774,6.822701754385965,0.04229596346569656
Infectious diseases #1,rand3,Physician,50,3,3,0.017945632877996453,0.33841796596984774,6.822701754385965,0.041435117703463295
Infectious diseases #1,deg,Physician,50,3,3,0.01489147444140008,0.33841796596984774,6.822701754385965,0.03438329539294666
Infectious diseases #1,btw,Physician,50,3,3,0.01489147444140008,0.33841796596984774,6.822701754385965,0.03438329539294666
Infectious diseases #1,cls,Physician,50,3,3,0.017592846684191966,0.33841796596984774,6.822701754385965,0.040620560893802435
Infectious diseases #1,dur,Physician,50,3,3,0.01489147444140008,0.33841796596984774,6.822701754385965,0.03438329539294666
Infectious diseases #1,none,Other HCW,50,0,0,0.021219001839587026,0.33841796596984774,6.822701754385965,0.048993080642550875
Infectious diseases #1,rand1,Other HCW,50,3,3,0.020932515892807303,0.33841796596984774,6.822701754385965,0.048331606120815794
Infectious diseases #1,rand2,Other HCW,50,3,3,0.020888571674355327,0.33841796596984774,6.822701754385965,0.048230142222812133
Infectious diseases #1,rand3,Other HCW,50,3,3,0.021015529722353377,0.33841796596984774,6.822701754385965,0.04852327881475987
Infectious diseases #1,deg,Other HCW,50,3,3,0.020875508663507125,0.33841796596984774,6.822701754385965,0.0481999807124471
Infectious diseases #1,btw,Other HCW,50,3,3,0.020875508663507125,0.33841796596984774,6.822701754385965,0.0481999807124471
Infectious diseases #1,cls,Other HCW,50,3,3,0.020875508663507125,0.33841796596984774,6.822701754385965,0.0481999807124471
Infectious diseases #1,dur,Other HCW,50,3,3,0.020641041594068234,0.33841796596984774,6.822701754385965,0.04765861386928055
Medical ICU #1,none,All,117,0,0,0.026581880440024935,0.3448988370899732,7.753441295546558,0.07108401230142616
Medical ICU #1,rand1,All,117,6,6,0.025485059715060012,0.3448988370899732,7.753441295546558,0.06815094599403017
Medical ICU #1,rand2,All,117,6,6,0.026199233110290408,0.3448988370899732,7.753441295546558,0.07006075484018948
Medical ICU #1,rand3,All,117,6,6,0.023412925516623977,0.3448988370899732,7.753441295546558,0.06260974234652424
Medical ICU #1,deg,All,117,6,6,0.004384351226605166,0.3448988370899732,7.753441295546558,0.011724425487088758
Medical ICU #1,btw,All,117,6,6,0.005520672389212129,0.3448988370899732,7.753441295546558,0.014763122003814511
Medical ICU #1,cls,All,117,6,6,0.007812705255302994,0.3448988370899732,7.753441295546558,0.020892368308118605
Medical ICU #1,dur,All,117,6,6,0.003234177471464462,0.3448988370899732,7.753441295546558,0.00864868502005645
Medical ICU #1,none,Patient,117,0,0,0.026581880440024935,0.3448988370899732,7.753441295546558,0.07108401230142616
Medical ICU #1,rand1,Patient,117,6,6,0.021917787483377846,0.3448988370899732,7.753441295546558,0.05861151465953301
Medical ICU #1,rand2,Patient,117,6,6,0.019509587702499536,0.3448988370899732,7.753441295546558,0.052171620264759896
Medical ICU #1,rand3,Patient,117,6,6,0.01976379818980264,0.3448988370899732,7.753441295546558,0.052851417973103984
Medical ICU #1,deg,Patient,117,6,6,0.019946121150772,0.3448988370899732,7.753441295546558,0.0533389774454152
Medical ICU #1,btw,Patient,117,6,6,0.020554578321627066,0.3448988370899732,7.753441295546558,0.05496608494503466
Medical ICU #1,cls,Patient,117,6,6,0.01980624486955402,0.3448988370899732,7.753441295546558,0.05296492688427411
Medical ICU #1,dur,Patient,117,6,6,0.01828602639844244,0.3448988370899732,7.753441295546558,0.048899630271975844
Medical ICU #1,none,Visitor,117,0,0,0.026581880440024935,0.3448988370899732,7.753441295546558,0.07108401230142616
Medical ICU #1,rand1,Visitor,117,6,0,0.026581880440024935,0.3448988370899732,7.753441295546558,0.07108401230142616
Medical ICU #1,rand2,Visitor,117,6,0,0.026581880440024935,0.3448988370899732,7.753441295546558,0.07108401230142616
Medical ICU #1,rand3,Visitor,117,6,0,0.026581880440024935,0.3448988370899732,7.753441295546558,0.07108401230142616
Medical ICU #1,deg,Visitor,117,6,0,0.026581880440024935,0.3448988370899732,7.753441295546558,0.07108401230142616
Medical ICU #1,btw,Visitor,117,6,0,0.026581880440024935,0.3448988370899732,7.753441295546558,0.07108401230142616
Medical ICU #1,cls,Visitor,117,6,0,0.026581880440024935,0.3448988370899732,7.753441295546558,0.07108401230142616
Medical ICU #1,dur,Visitor,117,6,0,0.026581880440024935,0.3448988370899732,7.753441295546558,0.07108401230142616
Medical ICU #1,none,HCW,117,0,0,0.026581880440024935,0.3448988370899732,7.753441295546558,0.07108401230142616
Medical ICU #1,rand1,HCW,117,6,6,0.023613321036286782,0.3448988370899732,7.753441295546558,0.06314563060382797
Medical ICU #1,rand2,HCW,117,6,6,0.024624631256686184,0.3448988370899732,7.753441295546558,0.06585002874863287
Medical ICU #1,rand3,HCW,117,6,6,0.026015966542562857,0.3448988370899732,7.753441295546558,0.06957067201914234
Medical ICU #1,deg,HCW,117,6,6,0.004063035678472627,0.3448988370899732,7.753441295546558,0.010865178586643686
Medical ICU #1,btw,HCW,117,6,6,0.005199356841079589,0.3448988370899732,7.753441295546558,0.013903875103369441
Medical ICU #1,cls,HCW,117,6,6,0.007812705255302994,0.3448988370899732,7.753441295546558,0.020892368308118605
Medical ICU #1,dur,HCW,117,6,6,0.004063035678472627,0.3448988370899732,7.753441295546558,0.010865178586643686
Medical ICU #1,none,Nurse,117,0,0,0.026581880440024935,0.3448988370899732,7.753441295546558,0.07108401230142616
Medical ICU #1,rand1,Nurse,117,6,6,0.022166652487960126,0.3448988370899732,7.753441295546558,0.05927701772983064
Medical ICU #1,rand2,Nurse,117,6,6,0.02222921557394863,0.3448988370899732,7.753441295546558,0.059444320986801344
Medical ICU #1,rand3,Nurse,117,6,6,0.026395610769970164,0.3448988370899732,7.753441295546558,0.07058589872562289
Medical ICU #1,deg,Nurse,117,6,6,0.011920659738283748,0.3448988370899732,7.753441295546558,0.03187766664548592
Medical ICU #1,btw,Nurse,117,6,6,0.011920659738283748,0.3448988370899732,7.753441295546558,0.03187766664548592
Medical ICU #1,cls,Nurse,117,6,6,0.016295176234070497,0.3448988370899732,7.753441295546558,0.04357579255877083
Medical ICU #1,dur,Nurse,117,6,6,0.012552107998451956,0.3448988370899732,7.753441295546558,0.03356625583295083
Medical ICU #1,none,Physician,117,0,0,0.026581880440024935,0.3448988370899732,7.753441295546558,0.07108401230142616
Medical ICU #1,rand1,Physician,117,6,6,0.024732394737949887,0.3448988370899732,7.753441295546558,0.06613820477308972
Medical ICU #1,rand2,Physician,117,6,6,0.025010980394515204,0.3448988370899732,7.753441295546558,0.0668831854106699
Medical ICU #1,rand3,Physician,117,6,6,0.023245767298925156,0.3448988370899732,7.753441295546558,0.0621627357161996
Medical ICU #1,deg,Physician,117,6,6,0.017881180376614382,0.3448988370899732,7.753441295546558,0.04781701011420562
Medical ICU #1,btw,Physician,117,6,6,0.017870644996011372,0.3448988370899732,7.753441295546558,0.047788836895758025
Medical ICU #1,cls,Physician,117,6,6,0.017811602799804708,0.3448988370899732,7.753441295546558,0.0476309490363597
Medical ICU #1,dur,Physician,117,6,6,0.017910806653915846,0.3448988370899732,7.753441295546558,0.047896235309161046
Medical ICU #1,none,Other HCW,117,0,0,0.026581880440024935,0.3448988370899732,7.753441295546558,0.07108401230142616
Medical ICU #1,rand1,Other HCW,117,6,6,0.025644364370120614,0.3448988370899732,7.753441295546558,0.06857695099715821
Medical ICU #1,rand2,Other HCW,117,6,6,0.025725640746406344,0.3448988370899732,7.753441295546558,0.06879429645338904
Medical ICU #1,rand3,Other HCW,117,6,6,0.025947923384543225,0.3448988370899732,7.753441295546558,0.06938871421173257
Medical ICU #1,deg,Other HCW,117,6,6,0.025714371645273938,0.3448988370899732,7.753441295546558,0.06876416115407004
Medical ICU #1,btw,Other HCW,117,6,6,0.026076174649815483,0.3448988370899732,7.753441295546558,0.06973167770292936
Medical ICU #1,cls,Other HCW,117,6,6,0.025829860910067153,0.3448988370899732,7.753441295546558,0.0690729971048511
Medical ICU #1,dur,Other HCW,117,6,6,0.025083166689826974,0.3448988370899732,7.753441295546558,0.06707622260062768
